epid,country,first_name,last_name,birthdate,gender,eugroup,party
119436,Croatia,Ivana,MALETIĆ,12/10/1973,F,PPE,Hrvatska demokratska zajednica
96798,United Kingdom,John,BUFTON,31/08/1962,M,EFD,United Kingdom Independence Party
96717,Czech Republic,Robert,DUŠEK,14/03/1967,M,S&D,Česká strana sociálně demokratická
97058,Belgium,Guy,VERHOFSTADT,11/04/1953,M,ALDE,Open Vlaamse Liberalen en Democraten
96897,United Kingdom,John Stuart,AGNEW,30/08/1949,M,EFD,United Kingdom Independence Party
96976,Portugal,Luís Paulo,ALVES,19/09/1961,M,S&D,Partido Socialista
96808,Spain,Pablo,ARIAS ECHEVERRÍA,30/06/1970,M,PPE,Partido Popular
5956,Portugal,Regina,BASTOS,04/11/1960,F,PPE,Partido Social Democrata
96955,United Kingdom,Catherine,BEARDER,14/01/1949,F,ALDE,Liberal Democrats Party
96738,France,Sandrine,BÉLIER,02/09/1973,F,Verts/ALE,Europe Écologie
96705,Denmark,Bendt,BENDTSEN,25/03/1954,M,PPE,Det Konservative Folkeparti
96922,Spain,Izaskun,BILBAO BARANDICA,27/03/1961,F,ALDE,Partido Nacionalista Vasco
97198,Italy,Mara,BIZZOTTO,03/06/1972,F,EFD,Lega Nord
96681,Lithuania,Vilija,BLINKEVIČIŪTĖ,03/03/1960,F,S&D,Lietuvos socialdemokratų partija
96799,Poland,Piotr,BORYS,11/01/1976,M,PPE,Platforma Obywatelska
96719,Czech Republic,Andrea,ČEŠKOVÁ,18/10/1971,F,ECR,Občanská demokratická strana
96603,Ireland,Nessa,CHILDERS,09/10/1956,F,NA/NI,Labour Party
28493,United Kingdom,Derek Roland,CLARK,10/10/1933,M,EFD,United Kingdom Independence Party
96915,Italy,Sergio Gaetano,COFFERATI,30/01/1948,M,S&D,Partito Democratico
96975,Portugal,António Fernando,CORREIA DE CAMPOS,14/12/1942,M,S&D,Parti socialiste
96917,Italy,Silvia,COSTA,12/06/1949,F,S&D,Partito Democratico
96951,United Kingdom,Diane,DODDS,16/08/1958,F,NA/NI,Democratic Unionist Party (Northern Ireland)
96888,Italy,Leonardo,DOMENICI,12/07/1955,M,S&D,Partito Democratico
96692,Lithuania,Leonidas,DONSKIS,13/08/1962,M,ALDE,Lietuvos Respublikos liberalų sąjūdis
96787,Italy,Herbert,DORFMANN,04/03/1969,M,PPE,Südtiroler Volkspartei (Partito popolare sudtirolese)
39769,Austria,Martin,EHRENHAUSER,18/09/1978,M,NA/NI,-
96682,Finland,Sari,ESSAYAH,21/02/1967,F,PPE,Suomen kristillisdemokraatit
96811,Spain,Rosa,ESTARÀS FERRAGUT,21/10/1965,F,PPE,Partido Popular
96977,Portugal,Diogo,FEIO,06/10/1970,M,PPE,Partido Popular
96899,Portugal,José Manuel,FERNANDES,26/07/1967,M,PPE,Partido Social Democrata
96833,Germany,Jens,GEIER,22/06/1961,M,S&D,Sozialdemokratische Partei Deutschlands
96730,Germany,Sven,GIEGOLD,17/11/1969,M,Verts/ALE,Bündnis 90/Die Grünen
97004,Latvia,Ivars,GODMANIS,27/11/1951,M,ALDE,Latvijas Pirmā Partija/Latvijas Ceļš
97137,France,Sylvie,GOULARD,06/12/1964,F,ALDE,Mouvement Démocrate
96753,Poland,Jolanta Emilia,HIBNER,26/01/1951,F,PPE,Platforma Obywatelska
96950,France,Liem,HOANG NGOC,11/12/1964,M,S&D,Parti socialiste
34235,Bulgaria,Stanimir,ILCHEV,31/07/1953,M,ALDE,National Movement for Stability and Progress
105192,Spain,María,IRIGOYEN PÉREZ,01/10/1952,F,S&D,Partido Socialista Obrero Español
28424,Estonia,Tunne,KELAM,10/07/1936,M,PPE,Erakond Isamaa ja Res Publica Liit
96668,Ireland,Seán,KELLY,26/04/1952,M,PPE,Fine Gael Party
96769,Germany,Jürgen,KLUTE,13/10/1953,M,GUE/NGL,DIE LINKE.
102887,Hungary,Béla,KOVÁCS,25/02/1960,M,NA/NI,Jobbik Magyarországért Mozgalom
96651,Slovakia,Eduard,KUKAN,26/12/1939,M,PPE,Slovenská demokratická a kresťanská únia - Demokratická strana
96765,Spain,Verónica,LOPE FONTAGNÉ,01/02/1952,F,PPE,Partido Popular
96854,Germany,Sabine,LÖSING,30/11/1955,F,GUE/NGL,DIE LINKE.
96675,Sweden,Isabella,LÖVIN,03/02/1963,F,Verts/ALE,Miljöpartiet de gröna
96673,Sweden,Olle,LUDVIGSSON,28/10/1948,M,S&D,Arbetarepartiet- Socialdemokraterna
96792,Poland,Bogdan Kazimierz,MARCINKIEWICZ,21/03/1966,M,PPE,Platforma Obywatelska
96652,Slovakia,Alajos,MÉSZÁROS,18/06/1952,M,PPE,Strana mad'arskej komunity- Magyar Közösség Pártja
28255,Austria,Andreas,MÖLZER,02/12/1952,M,NA/NI,Freiheitliche Partei Österreichs
96695,Lithuania,Radvilė,MORKŪNAITĖ-MIKULĖNIENĖ,02/01/1984,F,PPE,Tėvynės sąjunga - Lietuvos krikščionys demokratai
96760,Italy,Tiziano,MOTTI,07/02/1966,M,PPE,Unione dei Democratici cristiani e dei Democratici di Centro
96701,Spain,María,MUÑIZ DE URQUIZA,05/08/1962,F,S&D,Partido Socialista Obrero Español
96844,Germany,Norbert,NEUSER,22/03/1949,M,S&D,Sozialdemokratische Partei Deutschlands
96861,Bulgaria,Nadezhda,NEYNSKY,09/08/1962,F,PPE,Blue Coalition
111024,Sweden,Jens,NILSSON,25/09/1948,M,S&D,Arbetarepartiet- Socialdemokraterna
96805,United Kingdom,Paul,NUTTALL,30/11/1976,M,EFD,United Kingdom Independence Party
40599,Finland,Sirpa,PIETIKÄINEN,19/04/1959,F,PPE,Kansallinen Kokoomus
96715,Czech Republic,Pavel,POC,26/05/1964,M,S&D,Česká strana sociálně demokratická
96931,France,Maurice,PONGA,05/06/1947,M,PPE,Union pour un Mouvement Populaire
96801,Poland,Tomasz Piotr,PORĘBA,31/03/1973,M,ECR,Prawo i Sprawiedliwość
96838,Romania,Cristian Dan,PREDA,26/10/1966,M,PPE,-
107386,Ireland,Phil,PRENDERGAST,20/09/1959,F,S&D,Labour Party
108080,France,Franck,PROUST,02/05/1963,M,PPE,Union pour un Mouvement Populaire
96903,Portugal,Paulo,RANGEL,18/02/1968,M,PPE,Partido Social Democrata
96686,Finland,Mitro,REPO,03/09/1958,M,S&D,Suomen Sosialidemokraattinen Puolue/Finlands Socialdemokratiska Parti
97022,France,Robert,ROCHEFORT,19/09/1955,M,ALDE,Mouvement Démocrate
96746,France,Marie-Thérèse,SANCHEZ-SCHMID,15/11/1957,F,PPE,Union pour un Mouvement Populaire
96676,Sweden,Christian,ENGSTRÖM,09/02/1960,M,Verts/ALE,Piratpartiet
112611,Finland,Petri,SARVAMAA,15/09/1960,M,PPE,Kansallinen Kokoomus
30482,France,Younous,OMARJEE,30/09/1969,M,GUE/NGL,"Liste ""Alliance des Outre-Mers"""
111068,France,Jean,ROATTA,13/12/1941,M,PPE,Union pour un Mouvement Populaire
96992,Italy,Magdi Cristiano,ALLAM,22/04/1952,M,EFD,"""Io amo l'Italia"""
111496,Spain,María Auxiliadora,CORREA ZAMORA,24/05/1972,F,PPE,Partido Popular
112788,Germany,Birgit,COLLIN-LANGEN,04/09/1956,F,PPE,Christlich Demokratische Union Deutschlands
96744,France,José,BOVÉ,11/06/1953,M,Verts/ALE,Europe Écologie
114279,France,Isabelle,THOMAS,26/11/1961,F,S&D,Parti socialiste
113890,France,Karim,ZÉRIBI,25/09/1966,M,Verts/ALE,Europe Écologie
113597,Romania,Minodora,CLIVETI,24/10/1955,F,S&D,Partidul Social Democrat
113883,Hungary,Erik,BÁNKI,26/05/1970,M,PPE,Fidesz-Magyar Polgári Szövetség-Keresztény Demokrata Néppárt
113892,France,Eric,ANDRIEU,14/04/1960,M,S&D,Parti socialiste
96947,France,Nora,BERRA,21/01/1963,F,PPE,Union pour un Mouvement Populaire
113891,France,Jean-Jacob,BICEP,23/06/1965,M,Verts/ALE,Europe Écologie
114268,Finland,Nils,TORVALDS,07/08/1945,M,ALDE,Svenska folkpartiet
114873,Czech Republic,Vojtěch,MYNÁŘ,04/05/1944,M,S&D,Česká strana sociálně demokratická
96959,United Kingdom,George,LYON,16/07/1956,M,ALDE,Liberal Democrats Party
116663,Bulgaria,Monika,PANAYOTOVA,19/08/1983,F,PPE,Citizens for European Development of Bulgaria
99419,Greece,Charalampos,ANGOURAKIS,19/01/1951,M,GUE/NGL,Communist Party of Greece
115868,Netherlands,Patricia van der,KAMMEN,08/04/1972,F,NA/NI,Partij voor de Vrijheid
111017,Spain,Dolores,GARCÍA-HIERRO CARABALLO,16/05/1958,F,S&D,Partido Socialista Obrero Español
96860,France,Michèle,STRIFFLER,23/08/1957,F,PPE,Parti Radical / Union des Démocrates et Indépendants
116823,Italy,Francesca,BARRACCIU,11/06/1966,F,S&D,Partito Democratico
113959,United Kingdom,Martina,ANDERSON,16/04/1962,F,GUE/NGL,Sinn Féin
96702,Romania,Elena Oana,ANTONESCU,30/12/1979,F,PPE,Partidul Democrat-Liberal
116816,Bulgaria,Preslav,BORISSOV,07/03/1977,M,PPE,Citizens for European Development of Bulgaria
94283,United Kingdom,Trevor,COLMAN,27/08/1941,M,NA/NI,United Kingdom Independence Party
96726,Netherlands,Marije,CORNELISSEN,09/03/1974,F,Verts/ALE,GroenLinks
96868,France,Karima,DELLI,04/03/1979,F,Verts/ALE,Europe Écologie
117477,Belgium,Mark,DEMESMAEKER,12/09/1958,M,Verts/ALE,Nieuw-Vlaamse Alliantie
96725,Netherlands,Bas,EICKHOUT,08/10/1976,M,Verts/ALE,GroenLinks
96745,France,Catherine,GRÈZE,15/04/1960,F,Verts/ALE,Europe Écologie
96648,Belgium,Philippe,LAMBERTS,14/03/1963,M,Verts/ALE,Ecologistes Confédérés pour l'Organisation de Luttes Originales
118144,Cyprus,Andreas,PITSILLIDES,09/06/1977,M,PPE,Democratic Rally
113487,Portugal,Alda,SOUSA,04/08/1953,F,GUE/NGL,Bloco de Esquerda
118710,Italy,Franco,BONANINI,07/11/1952,M,NA/NI,Indipendente
111014,Austria,Josef,WEIDENHOLZER,06/03/1950,M,S&D,Sozialdemokratische Partei Österreichs
118708,Italy,Susy,DE MARTINI,17/06/1952,F,ECR,Forza Italia
103246,Netherlands,Auke,ZIJLSTRA,01/11/1964,M,NA/NI,Partij voor de Vrijheid
119439,Croatia,Marino,BALDINI,12/07/1963,M,S&D,Socijaldemokratska partija Hrvatske
28497,United Kingdom,Gerard,BATTEN,27/03/1954,M,EFD,United Kingdom Independence Party
28336,Czech Republic,Věra,FLASAROVÁ,19/12/1952,F,GUE/NGL,Komunistická strana Čech a Moravy
37448,Romania,Eduard-Raul,HELLVIG,27/10/1974,M,ALDE,Partidul Naţional Liberal
96704,Czech Republic,Edvard,KOŽUŠNÍK,30/01/1971,M,ECR,Občanská demokratická strana
119441,Croatia,Sandra,PETROVIĆ JAKOVINA,21/03/1985,F,S&D,Socijaldemokratska partija Hrvatske
33991,Romania,Ovidiu Ioan,SILAGHI,12/12/1962,M,ALDE,Partidul Naţional Liberal
4293,Germany,Gabriele,STAUNER,22/04/1948,F,PPE,Christlich-Soziale Union in Bayern e.V.
119440,Croatia,Oleg,VALJALO,19/11/1970,M,S&D,Socijaldemokratska partija Hrvatske
96944,United Kingdom,Marina,YANNAKOUDAKIS,16/04/1956,F,ECR,Conservative Party
117119,Romania,Dan Dumitru,ZAMFIRESCU,01/11/1953,M,NA/NI,Partidul România Mare
118709,Italy,Fabrizio,BERTOT,23/02/1967,M,PPE,Forza Italia
96815,Netherlands,Judith,SARGENTINI,13/03/1974,F,Verts/ALE,GroenLinks
96696,Lithuania,Algirdas,SAUDARGAS,17/04/1948,M,PPE,Tėvynės sąjunga - Lietuvos krikščionys demokratai
96945,Netherlands,Marietje,SCHAAKE,28/10/1978,F,ALDE,Democraten 66
96827,Germany,Birgit,SCHNIEBER-JASTRAM,04/07/1946,F,PPE,Christlich Demokratische Union Deutschlands
96731,Germany,Werner,SCHULZ,22/01/1950,M,Verts/ALE,Bündnis 90/Die Grünen
96836,Germany,Peter,SIMON,04/04/1967,M,S&D,Sozialdemokratische Partei Deutschlands
96655,Slovakia,Monika,SMOLKOVÁ,06/10/1956,F,S&D,SMER-Sociálna demokracia
96678,Sweden,Alf,SVENSSON,01/10/1938,M,PPE,Kristdemokraterna
96920,United Kingdom,Kay,SWINBURNE,08/06/1967,F,ECR,Conservative Party
96847,Romania,Claudiu Ciprian,TĂNĂSESCU,19/07/1965,M,S&D,Partidul Social Democrat
97136,Estonia,Indrek,TARAND,03/02/1964,M,Verts/ALE,Sõltumatu
96974,Portugal,Nuno,TEIXEIRA,13/01/1973,M,PPE,Partido Social Democrata
96776,Poland,Róża Gräfin von,THUN UND HOHENSTEIN,13/04/1954,F,PPE,Platforma Obywatelska
97026,France,Patrice,TIROLIEN,17/03/1946,M,S&D,Parti socialiste
96756,Germany,Sabine,VERHEYEN,24/10/1964,F,PPE,Christlich Demokratische Union Deutschlands
96839,Germany,Kerstin,WESTPHAL,11/09/1962,F,S&D,Sozialdemokratische Partei Deutschlands
96741,Germany,Sabine,WILS,31/05/1959,F,GUE/NGL,DIE LINKE.
96764,Germany,Hermann,WINKLER,22/04/1963,M,PPE,Christlich Demokratische Union Deutschlands
39725,Romania,Iuliu,WINKLER,14/03/1964,M,PPE,Uniunea Democrată Maghiară din România
96656,Slovakia,Boris,ZALA,09/12/1954,M,S&D,SMER-Sociálna demokracia
96795,Poland,Jacek Olgierd,KURSKI,22/02/1966,M,EFD,Solidarna Polska
97344,Ireland,Paul,MURPHY,13/04/1983,M,GUE/NGL,Socialist Party
96900,Greece,Georgios,PAPANIKOLAOU,15/08/1977,M,PPE,Nea Demokratia
96758,Germany,Gerald,HÄFNER,03/11/1956,M,Verts/ALE,Bündnis 90/Die Grünen
96872,Germany,Nadja,HIRSCH,13/07/1978,F,ALDE,Freie Demokratische Partei
96693,Lithuania,Juozas,IMBRASAS,08/01/1941,M,EFD,Partija Tvarka ir teisingumas
96812,Spain,Juan Fernando,LÓPEZ AGUILAR,10/06/1961,M,S&D,Partido Socialista Obrero Español
34234,Bulgaria,Antonyia,PARVANOVA,26/04/1962,F,ALDE,National Movement for Stability and Progress
96658,Greece,Konstantinos,POUPAKIS,18/01/1951,M,PPE,Nea Demokratia
108570,Sweden,Amelia,ANDERSDOTTER,30/08/1987,F,Verts/ALE,Piratpartiet
97193,Italy,Antonello,ANTINORO,03/08/1960,M,PPE,Unione dei Democratici cristiani e dei Democratici di Centro
97009,Greece,Kriton,ARSENIS,03/08/1977,M,S&D,-
96732,France,Malika,BENARAB-ATTOU,25/03/1963,F,Verts/ALE,Europe Écologie
96912,United Kingdom,David,CAMPBELL BANNERMAN,28/05/1960,M,ECR,Conservative Party
96866,Italy,Salvatore,CARONNA,05/03/1964,M,S&D,Partito Democratico
26851,Greece,Nikolaos,CHOUNTIS,17/09/1953,M,GUE/NGL,Coalition of the Radical Left
111823,Greece,Nikos,CHRYSOGELOS,13/05/1959,M,Verts/ALE,Ecologist Greens
96775,Italy,Lara,COMI,18/02/1983,F,PPE,Forza Italia
96786,Poland,Tadeusz,CYMAŃSKI,06/06/1955,M,EFD,Solidarna Polska
96747,France,Arnaud,DANJEAN,11/02/1971,M,PPE,Union pour un Mouvement Populaire
109337,Belgium,Philippe,DE BACKER,04/12/1978,M,ALDE,Open Vlaamse Liberalen en Democraten
28256,Belgium,Jean-Luc,DEHAENE,07/08/1940,M,PPE,Christen-Democratisch & Vlaams
96914,Belgium,Anne,DELVAUX,20/10/1970,F,PPE,Centre Démocrate Humaniste
107977,Greece,Dimitrios,DROUTSAS,05/08/1968,M,S&D,Panhellenic Socialist Movement
23840,Czech Republic,Richard,FALBR,29/09/1940,M,S&D,Česká strana sociálně demokratická
28126,Sweden,Christofer,FJELLNER,13/12/1976,M,PPE,Moderata Samlingspartiet
96993,Italy,Lorenzo,FONTANA,10/04/1980,M,EFD,Lega Nord
96949,United Kingdom,Vicky,FORD,21/09/1967,F,ECR,Conservative Party
96957,United Kingdom,Ashley,FOX,15/11/1969,M,ECR,Conservative Party
96940,Netherlands,Gerben-Jan,GERBRANDY,28/06/1967,M,ALDE,Democraten 66
96956,United Kingdom,Julie,GIRLING,21/12/1956,F,ECR,Conservative Party
96790,Poland,Marek Józef,GRÓBARCZYK,13/03/1968,M,ECR,Prawo i Sprawiedliwość
96768,Spain,Enrique,GUERRERO SALOM,28/08/1948,M,S&D,Partido Socialista Obrero Español
96952,France,Sylvie,GUILLAUME,11/06/1962,F,S&D,Parti socialiste
109649,Sweden,Mikael,GUSTAFSSON,06/03/1966,M,GUE/NGL,Vänsterpartiet
96907,Cyprus,Takis,HADJIGEORGIOU,11/12/1956,M,GUE/NGL,Progressive Party of Working People - Left - New Forces
28233,Germany,Rebecca,HARMS,07/12/1956,F,Verts/ALE,Bündnis 90/Die Grünen
28321,Finland,Satu,HASSI,03/06/1951,F,Verts/ALE,Vihreä liitto
110365,Sweden,Kent,JOHANSSON,27/12/1951,M,ALDE,Centerpartiet
96883,France,Eva,JOLY,05/12/1943,F,Verts/ALE,Europe Écologie
28280,Poland,Filip,KACZMAREK,22/11/1966,M,PPE,Platforma Obywatelska
96807,Bulgaria,Ivailo,KALFIN,30/05/1964,M,S&D,Coalition for Bulgaria
96901,Latvia,Krišjānis,KARIŅŠ,13/12/1964,M,PPE,Vienotība
96734,Germany,Franziska,KELLER,22/11/1981,F,Verts/ALE,Bündnis 90/Die Grünen
97011,Greece,Georgios,KOUMOUTSAKOS,17/09/1961,M,PPE,Nea Demokratia
97968,Bulgaria,Andrey,KOVATCHEV,13/12/1967,M,PPE,Citizens for European Development of Bulgaria
96820,Portugal,Marisa,MATIAS,20/02/1976,F,GUE/NGL,Bloco de Esquerda
96936,Spain,Gabriel,MATO ADROVER,29/04/1961,M,PPE,Partido Popular
96663,Denmark,Morten,MESSERSCHMIDT,13/11/1980,M,EFD,Dansk Folkeparti
97020,Italy,Guido,MILANA,02/03/1954,M,S&D,Partito Democratico
97280,Italy,Claudio,MORGANTI,14/04/1973,M,EFD,Indipendente
28288,Poland,Jan,OLBRYCHT,21/09/1952,M,PPE,Platforma Obywatelska
96783,Poland,Wojciech Michał,OLEJNICZAK,10/04/1974,M,S&D,Sojusz Lewicy Demokratycznej
97007,Greece,Chrysoula,PALIADELI,08/07/1947,F,S&D,Panhellenic Socialist Movement
97050,Cyprus,Antigoni,PAPADOPOULOU,08/07/1954,F,S&D,Democratic Party
33984,Romania,Ioan Mircea,PAŞCU,17/02/1949,M,S&D,Partidul Social Democrat
96989,Spain,Andrés,PERELLÓ RODRÍGUEZ,01/07/1957,M,S&D,Partido Socialista Obrero Español
96925,Greece,Sylvana,RAPTI,10/11/1958,F,S&D,Panhellenic Socialist Movement
96885,France,Dominique,RIQUET,18/09/1946,M,PPE,Parti Radical
96710,Denmark,Jens,ROHDE,18/04/1970,M,ALDE,"Venstre, Danmarks Liberale Parti"
96819,Italy,Licia,RONZULLI,14/09/1975,F,PPE,Forza Italia
99416,Greece,Nikolaos,SALAVRAKOS,15/02/1946,M,EFD,Popular Orthodox Rally - G. Karatzaferis
96770,Poland,Joanna Katarzyna,SKRZYDLEWSKA,17/02/1977,F,PPE,Platforma Obywatelska
97018,Greece,Theodoros,SKYLAKAKIS,18/10/1959,M,ALDE,Drassi
97008,Greece,Georgios,STAVRAKAKIS,13/10/1954,M,S&D,Panhellenic Socialist Movement
39721,Romania,Theodor Dumitru,STOLOJAN,24/10/1943,M,PPE,Partidul Democrat-Liberal
28320,Czech Republic,Ivo,STREJČEK,11/01/1962,M,ECR,Občanská demokratická strana
96703,Denmark,Emilie,TURUNEN,13/05/1984,F,S&D,Socialdemokratiet
96660,Greece,Niki,TZAVELA,30/06/1947,F,EFD,Popular Orthodox Rally - G. Karatzaferis
97131,Italy,Giommaria,UGGIAS,29/03/1961,M,ALDE,Italia dei Valori - Lista Di Pietro
28221,Germany,Thomas,ULMER,25/07/1956,M,PPE,Christlich Demokratische Union Deutschlands
96858,France,Marie-Christine,VERGIAT,23/09/1956,F,GUE/NGL,Front de gauche pour changer d’Europe
96774,Poland,Jarosław Leszek,WAŁĘSA,13/09/1976,M,PPE,Platforma Obywatelska
96763,Spain,Pablo,ZALBA BIDEGAIN,28/01/1975,M,PPE,Partido Popular
96777,Poland,Paweł,ZALEWSKI,25/09/1964,M,PPE,Platforma Obywatelska
108329,Italy,Andrea,ZANONI,26/08/1965,M,ALDE,-
96933,Slovenia,Milan,ZVER,25/05/1962,M,PPE,Slovenska demokratska stranka
96814,Romania,Elena,BĂSESCU,24/04/1980,F,PPE,Partidul Democrat-Liberal
96878,Hungary,Lajos,BOKROS,26/06/1954,M,ECR,Modern Magyarország Mozgalom
96739,Germany,Reinhard,BÜTIKOFER,26/01/1953,M,Verts/ALE,Bündnis 90/Die Grünen
99325,Greece,Spyros,DANELLIS,28/01/1955,M,S&D,Panhellenic Socialist Movement
96859,Romania,Ioan,ENCIU,14/04/1953,M,S&D,Partidul Social Democrat
96852,Germany,Cornelia,ERNST,30/11/1956,F,GUE/NGL,DIE LINKE.
39321,Spain,Vicente Miguel,GARCÉS RAMÓN,10/11/1946,M,S&D,Partido Socialista Obrero Español
96991,Spain,Eider,GARDIAZÁBAL RUBIAL,12/07/1975,F,S&D,Partido Socialista Obrero Español
28266,Netherlands,Sophia in 't,VELD,13/09/1963,F,ALDE,Democraten 66
28314,Finland,Anneli,JÄÄTTEENMÄKI,11/02/1955,F,ALDE,Suomen Keskusta
105849,France,Agnès,LE BRUN,28/12/1961,F,PPE,Union pour un Mouvement Populaire
96709,Denmark,Morten,LØKKEGAARD,20/12/1964,M,ALDE,"Venstre, Danmarks Liberale Parti"
96825,Romania,Norica,NICOLAI,27/01/1958,F,ALDE,Partidul Naţional Liberal
97229,Italy,Niccolò,RINALDI,03/12/1962,M,ALDE,Italia dei Valori - Lista Di Pietro
111018,Spain,Salvador,SEDÓ i ALABART,03/04/1969,M,PPE,Unió Democràtica de Catalunya
97019,Slovenia,Ivo,VAJGL,03/03/1943,M,ALDE,ZARES-Nova Politika
111589,Portugal,Inês Cristina,ZUBER,11/03/1980,F,GUE/NGL,Partido Comunista Português
96803,Poland,Zbigniew,ZIOBRO,18/08/1970,M,EFD,Solidarna Polska
111019,Spain,Eva,ORTIZ VILELLA,16/10/1975,F,PPE,Partido Popular
111026,Austria,Ewald,STADLER,21/05/1961,M,NA/NI,Bündnis Zukunft Österreich
112620,United Kingdom,Rebecca,TAYLOR,10/08/1975,F,ALDE,Liberal Democrats Party
96908,France,Gaston,FRANCO,04/02/1944,M,PPE,Union pour un Mouvement Populaire
23785,Poland,Andrzej,GRZYB,23/08/1956,M,PPE,Polskie Stronnictwo Ludowe
96813,Italy,Barbara,MATERA,09/12/1981,F,PPE,Forza Italia
96997,Germany,Burkhard,BALZ,24/07/1969,M,PPE,Christlich Demokratische Union Deutschlands
96779,Poland,Danuta Maria,HÜBNER,08/04/1948,F,PPE,Platforma Obywatelska
96871,Germany,Michael,THEURER,12/01/1967,M,ALDE,Freie Demokratische Partei
33997,Romania,Corina,CREŢU,24/06/1967,F,S&D,Partidul Social Democrat
97296,France,Michel,DANTIN,15/01/1960,M,PPE,Union pour un Mouvement Populaire
96998,Austria,Evelyn,REGNER,24/01/1966,F,S&D,Sozialdemokratische Partei Österreichs
96843,Italy,Marco,SCURRIA,18/05/1967,M,PPE,Fratelli d'Italia - Centrodestra Nazionale
101580,France,Constance,LE GRIP,14/11/1960,F,PPE,Union pour un Mouvement Populaire
105624,France,Philippe,BOULLAND,18/08/1955,M,PPE,Union pour un Mouvement Populaire
28324,Czech Republic,Milan,CABRNOCH,06/08/1962,M,ECR,Občanská demokratická strana
96826,Hungary,Tamás,DEUTSCH,27/07/1966,M,PPE,Fidesz-Magyar Polgári Szövetség-Keresztény Demokrata Néppárt
96896,France,Marielle,GALLO,19/05/1949,F,PPE,Union des Démocrates et Indépendants
96684,Finland,Liisa,JAAKONSAARI,02/09/1945,F,S&D,Suomen Sosialidemokraattinen Puolue/Finlands Socialdemokratiska Parti
4246,Austria,Othmar,KARAS,24/12/1957,M,PPE,Österreichische Volkspartei
96800,Poland,Marek Henryk,MIGALSKI,14/01/1969,M,ECR,Polska Razem Jarosława Gowina
96889,Italy,Potito,SALATTO,22/01/1942,M,PPE,Popolari per l’Europa
96918,United Kingdom,Derek,VAUGHAN,02/05/1961,M,S&D,Labour Party
112071,Ireland,Emer,COSTELLO,03/09/1962,F,S&D,Labour Party
111027,Bulgaria,Svetoslav Hristov,MALINOV,19/01/1968,M,PPE,Blue Coalition
96749,United Kingdom,Andrew Henry William,BRONS,16/06/1947,M,NA/NI,British Democratic Party
4553,United Kingdom,Jacqueline,FOSTER,30/12/1947,F,ECR,Conservative Party
96735,France,Patrick,LE HYARIC,04/02/1957,M,GUE/NGL,Front de gauche pour changer d’Europe
96831,Germany,Jutta,STEINRUCK,01/09/1962,F,S&D,Sozialdemokratische Partei Deutschlands
4462,Italy,Clemente,MASTELLA,05/02/1947,M,PPE,Unione Democratici per l'Europa
96999,Latvia,Alexander,MIRSKY,20/03/1964,M,S&D,"Politiskā Partija ""Alternative"""
96875,Germany,Britta,REIMERS,27/07/1971,F,ALDE,Freie Demokratische Partei
96685,Finland,Riikka,PAKARINEN,24/08/1981,F,ALDE,Suomen Keskusta
4556,United Kingdom,Nirj,DEVA,11/05/1948,M,ECR,Conservative Party
96780,Germany,Monika,HOHLMEIER,02/07/1962,F,PPE,Christlich-Soziale Union in Bayern e.V.
28171,Netherlands,Emine,BOZKURT,09/08/1967,F,S&D,Partij van de Arbeid
28311,Portugal,Luis Manuel,CAPOULAS SANTOS,22/08/1951,M,S&D,Partido Socialista
96848,Bulgaria,Mariya,GABRIEL,20/05/1979,F,PPE,Citizens for European Development of Bulgaria
28177,France,Bernadette,VERGNAUD,16/09/1950,F,S&D,Parti socialiste
96874,Germany,Alexandra,THEIN,05/10/1963,F,ALDE,Freie Demokratische Partei
41007,Italy,Iva,ZANICCHI,18/01/1940,F,PPE,Forza Italia
96802,Poland,Jacek,WŁOSOWICZ,25/01/1966,M,EFD,Solidarna Polska
97086,Italy,Sonia,ALFANO,15/10/1971,F,ALDE,Italia dei Valori - Lista Di Pietro
96892,Italy,Roberto,GUALTIERI,19/07/1966,M,S&D,Partito Democratico
96862,France,Sophie,AUCONIE,19/08/1963,F,PPE,Union des Démocrates et Indépendants
96736,Germany,Jan Philipp,ALBRECHT,20/12/1982,M,Verts/ALE,Bündnis 90/Die Grünen
96750,France,François,ALFONSI,14/09/1953,M,Verts/ALE,Partitu di a Nazione Corsa
28246,Germany,Alexander,ALVARO,26/05/1975,M,ALDE,Freie Demokratische Partei
96954,United Kingdom,Marta,ANDREASEN,26/11/1954,F,ECR,-
96986,Spain,Josefa,ANDRÉS BAREA,17/02/1958,F,S&D,Partido Socialista Obrero Español
28276,Lithuania,Laima Liucija,ANDRIKIENĖ,01/01/1958,F,PPE,Tėvynės sąjunga - Lietuvos krikščionys demokratai
1941,Italy,Roberta,ANGELILLI,01/02/1965,F,PPE,Nuovo Centrodestra
28422,Italy,Alfredo,ANTONIOZZI,18/03/1956,M,PPE,Nuovo Centrodestra
97228,Italy,Pino,ARLACCHI,21/02/1951,M,S&D,Partito Democratico
28132,United Kingdom,Richard,ASHWORTH,17/09/1947,M,ECR,Conservative Party
4537,United Kingdom,Sir Robert,ATKINS,05/02/1946,M,ECR,Conservative Party
23938,Malta,John,ATTARD-MONTALTO,07/02/1953,M,S&D,Partit Laburista
33775,France,Jean-Pierre,AUDY,12/06/1952,M,PPE,Union pour un Mouvement Populaire
28161,Denmark,Margrete,AUKEN,06/01/1945,F,Verts/ALE,Socialistisk Folkeparti
28292,Spain,Inés,AYALA SENDER,28/03/1957,F,S&D,Partido Socialista Obrero Español
28114,Ireland,Liam,AYLWARD,27/09/1952,M,ALDE,Fianna Fáil Party
4319,Spain,Pilar,AYUSO,16/06/1942,F,PPE,Partido Popular
96937,Netherlands,Johannes Cornelis van,BAALEN,17/06/1960,M,ALDE,Volkspartij voor Vrijheid en Democratie
97293,Luxembourg,Georges,BACH,12/06/1955,M,PPE,Parti chrétien social luxembourgeois
28342,Spain,Maria,BADIA i CUTCHET,13/05/1947,F,S&D,Partit dels Socialistes de Catalunya
23813,Hungary,Zoltán,BAGÓ,10/01/1975,M,PPE,Fidesz-Magyar Polgári Szövetség-Keresztény Demokrata Néppárt
96680,Lithuania,Zigmantas,BALČYTIS,16/11/1953,M,S&D,Lietuvos socialdemokratų partija
96757,Italy,Raffaele,BALDASSARRE,23/09/1956,M,PPE,Forza Italia
96979,Italy,Francesca,BALZANI,31/10/1966,F,S&D,Partito Democratico
21818,Italy,Paolo,BARTOLOZZI,12/09/1957,M,PPE,Forza Italia
23866,Slovakia,Edit,BAUER,30/08/1946,F,PPE,Strana mad'arskej komunity- Magyar Közösség Pártja
4507,Netherlands,Bastiaan,BELDER,25/10/1946,M,EFD,Staatkundig Gereformeerde Partij
28257,Belgium,Ivo,BELET,07/06/1959,M,PPE,Christen-Democratisch & Vlaams
28214,France,Jean-Luc,BENNAHMIAS,02/12/1954,M,ALDE,Mouvement Démocrate
1985,France,Pervenche,BERÈS,10/03/1957,F,S&D,Parti socialiste
4746,Italy,Sergio,BERLATO,27/07/1959,M,PPE,Forza Italia
97156,Italy,Luigi,BERLINGUER,25/07/1932,M,S&D,Partito Democratico
28174,Netherlands,Thijs,BERMAN,26/09/1957,M,S&D,Partij van de Arbeid
23788,Poland,Adam,BIELAN,12/09/1974,M,ECR,Polska Razem Jarosława Gowina
38610,Bulgaria,Slavi,BINEV,10/12/1965,M,EFD,"People for Real, Open and United Democracy / Conservative Party for Democracy and Success"
28513,United Kingdom,Godfrey,BLOOM,22/11/1949,M,NA/NI,United Kingdom Independence Party
39722,Romania,Sebastian Valentin,BODU,07/12/1970,M,PPE,Partidul Democrat-Liberal
1037,Germany,Reimer,BÖGE,18/12/1951,M,PPE,Christlich Demokratische Union Deutschlands
29074,Italy,Vito,BONSIGNORE,03/07/1943,M,PPE,Nuovo Centrodestra
21817,Italy,Mario,BORGHEZIO,03/12/1947,M,NA/NI,Lega Nord
96916,Italy,Rita,BORSELLINO,02/06/1945,F,S&D,Partito Democratico
39711,Romania,Victor,BOŞTINARU,17/05/1952,M,S&D,Partidul Social Democrat
33570,United Kingdom,Sharon,BOWLES,12/06/1953,F,ALDE,Liberal Democrats Party
4540,United Kingdom,Philip,BRADBOURN,09/08/1951,M,ECR,Conservative Party
111126,Poland,Arkadiusz Tomasz,BRATKOWSKI,13/05/1959,M,PPE,Polskie Stronnictwo Ludowe
28354,Czech Republic,Jan,BŘEZINA,14/04/1954,M,PPE,-
1263,Germany,Elmar,BROK,14/05/1946,M,PPE,Christlich Demokratische Union Deutschlands
96716,Czech Republic,Zuzana,BRZOBOHATÁ,11/07/1962,F,S&D,Česká strana sociálně demokratická
4267,Germany,Udo,BULLMANN,08/06/1956,M,S&D,Sozialdemokratische Partei Deutschlands
28269,Poland,Jerzy,BUZEK,03/07/1940,M,PPE,Platforma Obywatelska
96849,France,Alain,CADEC,21/06/1953,M,PPE,Union pour un Mouvement Populaire
4536,United Kingdom,Martin,CALLANAN,08/08/1961,M,ECR,Conservative Party
96754,Netherlands,Wim van de,CAMP,27/07/1953,M,PPE,Christen Democratisch Appèl
96733,Italy,Antonio,CANCIAN,02/07/1951,M,PPE,Nuovo Centrodestra
96867,Portugal,Maria Da Graça,CARVALHO,09/04/1955,F,PPE,Partido Social Democrata
28122,Malta,David,CASA,16/11/1968,M,PPE,Partit Nazzjonalista
4532,United Kingdom,Michael,CASHMAN,17/12/1950,M,S&D,Labour Party
988,Italy,Carlo,CASINI,04/03/1935,M,PPE,Unione dei Democratici cristiani e dei Democratici di Centro
28219,Germany,Daniel,CASPARY,04/04/1976,M,PPE,Christlich Demokratische Union Deutschlands
28148,France,Françoise,CASTEX,07/02/1956,F,S&D,Parti socialiste
28206,France,Jean-Marie,CAVADA,24/02/1940,M,PPE,Nouveau Centre
4337,Spain,Alejandro,CERCAS,25/05/1949,M,S&D,Partido Socialista Obrero Español
28243,Germany,Jorgo,CHATZIMARKAKIS,21/04/1966,M,ALDE,Freie Demokratische Partei
2097,United Kingdom,Giles,CHICHESTER,29/07/1946,M,ECR,Conservative Party
28154,Denmark,Ole,CHRISTENSEN,07/05/1955,M,S&D,Socialdemokratiet
24030,Belgium,Philip,CLAEYS,24/05/1965,M,NA/NI,Vlaams Belang
1202,France,Yves,COCHET,15/02/1946,M,Verts/ALE,Europe Écologie
1892,Portugal,Carlos,COELHO,20/05/1960,M,PPE,Partido Social Democrata
1934,France,Daniel,COHN-BENDIT,04/04/1945,M,Verts/ALE,Europe Écologie
2315,France,Jean Louis,COTTIGNY,12/09/1950,M,S&D,Parti socialiste
96880,Italy,Andrea,COZZOLINO,03/08/1962,M,S&D,Partito Democratico
28238,Germany,Michael,CRAMER,16/06/1949,M,Verts/ALE,Bündnis 90/Die Grünen
96873,Germany,Jürgen,CREUTZMANN,04/10/1945,M,ALDE,Freie Demokratische Partei
2109,Ireland,Brian,CROWLEY,04/03/1964,M,ALDE,Fianna Fáil Party
96856,Romania,George Sabin,CUTAŞ,23/02/1968,M,S&D,Partidul Social Democrat + Partidul Conservator
97125,Belgium,Frédéric,DAERDEN,11/01/1970,M,S&D,Parti Socialiste
96809,Netherlands,Peter van,DALEN,03/09/1958,M,ECR,ChristenUnie
95281,Romania,Vasilica Viorica,DĂNCILĂ,16/12/1963,F,S&D,Partidul Social Democrat
4342,France,Joseph,DAUL,13/04/1947,M,PPE,Union pour un Mouvement Populaire
96973,Portugal,Mário,DAVID,20/08/1953,M,PPE,Partido Social Democrata
4554,United Kingdom,Chris,DAVIES,07/07/1954,M,ALDE,Liberal Democrats Party
96887,Italy,Francesco,DE ANGELIS,04/10/1959,M,S&D,Partito Democratico
96891,Italy,Paolo,DE CASTRO,02/02/1958,M,S&D,Partito Democratico
22097,Belgium,Véronique,DE KEYSER,23/03/1945,F,S&D,Parti Socialiste
1746,Italy,Luigi Ciriaco,DE MITA,02/02/1928,M,PPE,Unione dei Democratici cristiani e dei Democratici di Centro
4335,France,Marielle de,SARNEZ,27/03/1951,F,ALDE,Mouvement Démocrate
4318,France,Harlem,DÉSIR,25/11/1959,M,S&D,Parti socialiste
28228,Germany,Albert,DESS,17/04/1947,M,PPE,Christlich-Soziale Union in Bayern e.V.
4347,France,Christine,DE VEYRAC,06/11/1959,F,PPE,Union des Démocrates et Indépendants
28397,Spain,Agustín,DÍAZ DE MERA GARCÍA CONSUEGRA,27/09/1947,M,PPE,Partido Popular
4514,United Kingdom,Andrew,DUFF,25/12/1950,M,ALDE,Liberal Democrats Party
96639,Belgium,Isabelle,DURANT,04/09/1954,F,Verts/ALE,Ecologistes Confédérés pour l'Organisation de Luttes Originales
28226,Germany,Christian,EHLER,17/08/1963,M,PPE,Christlich Demokratische Union Deutschlands
25718,Belgium,Saïd,EL KHADRAOUI,09/04/1975,M,S&D,Socialistische Partij.Anders
1419,United Kingdom,James,ELLES,03/09/1949,M,ECR,Conservative Party
96876,Luxembourg,Frank,ENGEL,10/05/1975,M,PPE,Parti chrétien social luxembourgeois
97133,Belgium,Derk Jan,EPPINK,07/11/1958,M,ECR,Lijst Dedecker
28310,Portugal,Edite,ESTRELA,28/10/1949,F,S&D,Partido Socialista
4550,United Kingdom,Jill,EVANS,08/05/1959,F,Verts/ALE,Plaid Cymru - Party of Wales
23695,Czech Republic,Hynek,FAJMON,17/05/1968,M,ECR,Občanská demokratická strana
96911,Slovenia,Tanja,FAJON,09/05/1971,F,S&D,Socialni demokrati
4525,United Kingdom,Nigel,FARAGE,03/04/1964,M,EFD,United Kingdom Independence Party
4265,Sweden,Göran,FÄRM,17/10/1949,M,S&D,Arbetarepartiet- Socialdemokraterna
1917,Germany,Markus,FERBER,15/01/1965,M,PPE,Christlich-Soziale Union in Bayern e.V.
28308,Portugal,Elisa,FERREIRA,17/10/1955,F,S&D,Partido Socialista
96706,Portugal,João,FERREIRA,20/11/1978,M,GUE/NGL,Partido Comunista Português
96810,Italy,Carlo,FIDANZA,21/09/1976,M,PPE,Fratelli d'Italia - Centrodestra Nazionale
96729,Spain,Santiago,FISAS AYXELA,29/08/1948,M,PPE,Partido Popular
23868,Slovakia,Monika,FLAŠÍKOVÁ BEŇOVÁ,15/08/1968,F,S&D,SMER-Sociálna demokracia
4385,France,Hélène,FLAUTRE,29/07/1958,F,Verts/ALE,Europe Écologie
96840,Germany,Knut,FLECKENSTEIN,20/12/1953,M,S&D,Sozialdemokratische Partei Deutschlands
1038,Germany,Karl-Heinz,FLORENZ,22/10/1947,M,PPE,Christlich Demokratische Union Deutschlands
1993,Spain,Carmen,FRAGA ESTÉVEZ,19/10/1948,F,PPE,Partido Popular
2341,Germany,Michael,GAHLER,22/04/1960,M,PPE,Christlich Demokratische Union Deutschlands
2125,Ireland,Pat the Cope,GALLAGHER,10/03/1948,M,ALDE,Fianna Fáil Party
102886,Hungary,Ildikó,GÁLL-PELCZ,02/05/1962,F,PPE,Fidesz-Magyar Polgári Szövetség-Keresztény Demokrata Néppárt
28298,Spain,Iratxe,GARCÍA PÉREZ,07/10/1974,F,S&D,Partido Socialista Obrero Español
4562,Italy,Giuseppe,GARGANI,23/04/1935,M,PPE,Popolari per l’Europa
1665,Spain,Salvador,GARRIGA POLLEDO,06/08/1957,M,PPE,Partido Popular
28193,France,Jean-Paul,GAUZÈS,01/10/1947,M,PPE,Union pour un Mouvement Populaire
1913,Germany,Evelyne,GEBHARDT,19/01/1954,F,S&D,Sozialdemokratische Partei Deutschlands
28377,Poland,Lidia Joanna,GERINGER de OEDENBERG,12/09/1957,F,S&D,Sojusz Lewicy Demokratycznej
1431,Greece,Marietta,GIANNAKOU,05/06/1951,F,PPE,Nea Demokratia
28379,Poland,Adam,GIEREK,17/04/1938,M,S&D,Unia Pracy
1902,Germany,Norbert,GLANTE,08/08/1952,M,S&D,Sozialdemokratische Partei Deutschlands
28145,Hungary,Béla,GLATTFELDER,04/05/1967,M,PPE,Fidesz-Magyar Polgári Szövetség-Keresztény Demokrata Néppárt
4429,Luxembourg,Robert,GOEBBELS,03/04/1944,M,S&D,Parti ouvrier socialiste luxembourgeois
840,Luxembourg,Charles,GOERENS,06/02/1952,M,ALDE,Parti démocratique
1164,France,Bruno,GOLLNISCH,28/01/1950,M,NA/NI,Front national
28306,Portugal,Ana,GOMES,09/02/1954,F,S&D,Partido Socialista
96832,Hungary,Kinga,GÖNCZ,08/11/1947,F,S&D,Magyar Szocialista Párt
28393,Spain,Luis de,GRANDES PASCUAL,27/01/1945,M,PPE,Partido Popular
28220,Germany,Ingeborg,GRÄSSLE,02/03/1961,F,PPE,Christlich Demokratische Union Deutschlands
28208,France,Nathalie,GRIESBECK,24/05/1956,F,ALDE,Mouvement Démocrate
96751,United Kingdom,Nick,GRIFFIN,01/03/1959,M,NA/NI,British National Party
34728,Germany,Matthias,GROOTE,21/10/1973,M,S&D,Sozialdemokratische Partei Deutschlands
2247,Belgium,Mathieu,GROSCH,14/09/1950,M,PPE,Christlich Soziale Partei
2025,France,Françoise,GROSSETÊTE,17/05/1946,F,PPE,Union pour un Mouvement Populaire
4326,Spain,Cristina,GUTIÉRREZ-CORTINES,17/12/1939,F,PPE,Partido Popular
23816,Hungary,András,GYÜRK,02/12/1972,M,PPE,Fidesz-Magyar Polgári Szövetség-Keresztény Demokrata Néppárt
28477,United Kingdom,Fiona,HALL,15/07/1955,F,ALDE,Liberal Democrats Party
96851,Germany,Thomas,HÄNDEL,27/08/1953,M,GUE/NGL,DIE LINKE.
28275,Poland,Małgorzata,HANDZLIK,01/01/1965,F,PPE,Platforma Obywatelska
96707,Hungary,Ágnes,HANKISS,07/03/1950,F,PPE,Fidesz-Magyar Polgári Szövetség-Keresztény Demokrata Néppárt
4555,United Kingdom,Daniel,HANNAN,01/09/1971,M,ECR,Conservative Party
4538,United Kingdom,Malcolm,HARBOUR,19/02/1947,M,ECR,Conservative Party
28116,Ireland,Marian,HARKIN,26/11/1953,F,ALDE,-
103132,Netherlands,Lucas,HARTONG,24/05/1963,M,NA/NI,Partij voor de Vrijheid
1914,Germany,Jutta,HAUG,08/10/1951,F,S&D,Sozialdemokratische Partei Deutschlands
96752,Germany,Martin,HÄUSLING,26/03/1961,M,Verts/ALE,Bündnis 90/Die Grünen
28131,Sweden,Anna,HEDH,18/03/1967,F,S&D,Arbetarepartiet- Socialdemokraterna
4516,United Kingdom,Roger,HELMER,25/01/1944,M,EFD,United Kingdom Independence Party
28155,Hungary,Edit,HERCZOG,05/05/1961,F,S&D,Magyar Szocialista Párt
22418,Spain,Esther,HERRANZ GARCÍA,03/07/1969,F,PPE,Partido Popular
28117,Ireland,Jim,HIGGINS,04/05/1945,M,PPE,Fine Gael Party
28124,Sweden,Gunnar,HÖKMARK,19/09/1952,M,PPE,Moderata Samlingspartiet
5846,United Kingdom,Mary,HONEYBALL,12/11/1952,F,S&D,Labour Party
5565,France,Brice,HORTEFEUX,11/05/1958,M,PPE,Union pour un Mouvement Populaire
2073,United Kingdom,Richard,HOWITT,05/04/1961,M,S&D,Labour Party
2338,United Kingdom,Ian,HUDGHTON,19/09/1951,M,Verts/ALE,Scottish National Party
1407,United Kingdom,Stephen,HUGHES,19/08/1952,M,S&D,Labour Party
34249,Bulgaria,Filiz Hakaeva,HYUSMENOVA,10/06/1966,F,ALDE,Movement for Rights and Freedoms
28125,Sweden,Anna,IBRISAGIC,23/05/1967,F,PPE,Moderata Samlingspartiet
38605,Bulgaria,Iliana Malinova,IOTOVA,24/10/1964,F,S&D,Coalition for Bulgaria
97130,Italy,Vincenzo,IOVINE,28/12/1955,M,S&D,Partito Democratico
28398,Spain,Carlos José,ITURGAIZ ANGULO,20/10/1965,M,PPE,Partido Popular
96857,Romania,Cătălin Sorin,IVAN,23/12/1978,M,S&D,Partidul Social Democrat
96740,France,Yannick,JADOT,27/07/1967,M,Verts/ALE,Europe Écologie
96772,Germany,Peter,JAHR,24/04/1959,M,PPE,Christlich Demokratische Union Deutschlands
96806,Spain,Teresa,JIMÉNEZ-BECERRIL BARRIO,24/07/1961,F,PPE,Partido Popular
96837,Germany,Petra,KAMMEREVERT,01/06/1966,F,S&D,Sozialdemokratische Partei Deutschlands
28506,United Kingdom,Mike,NATTRASS,14/12/1945,M,NA/NI,An Independence Party
28295,Spain,Antolín,SÁNCHEZ PRESEDO,05/04/1955,M,S&D,Partido Socialista Obrero Español
114840,Cyprus,Sophocles,SOPHOCLEOUS,07/08/1962,M,S&D,Movement for Social Democracy EDEK
96855,Hungary,Csanád,SZEGEDI,22/09/1982,M,NA/NI,Jobbik Magyarországért Mozgalom
96958,United Kingdom,William (The Earl of),DARTMOUTH,23/09/1949,M,EFD,United Kingdom Independence Party
30475,Lithuania,Justina,VITKAUSKAITE BERNARD,11/01/1978,F,ALDE,Darbo partija
112014,United Kingdom,Phil,BENNION,07/10/1954,M,ALDE,Liberal Democrats Party
96674,Sweden,Anna Maria,CORAZZA BILDT,10/03/1963,F,PPE,Moderata Samlingspartiet
37524,Bulgaria,Marusya,LYUBCHEVA,20/07/1949,F,S&D,Coalition for Bulgaria
119435,Croatia,Davor Ivo,STIER,06/01/1972,M,PPE,Hrvatska demokratska zajednica
118999,Italy,Franco,FRIGO,13/08/1950,M,S&D,Partito Democratico
110984,Malta,Joseph,CUSCHIERI,20/02/1968,M,S&D,Partit Laburista
96699,France,Jean-Paul,BESSET,17/08/1946,M,Verts/ALE,Europe Écologie
28372,Poland,Ryszard,CZARNECKI,25/01/1963,M,ECR,Prawo i Sprawiedliwość
28150,Hungary,Kinga,GÁL,06/09/1970,F,PPE,Fidesz-Magyar Polgári Szövetség-Keresztény Demokrata Néppárt
103488,Spain,Sergio,GUTIÉRREZ PRIETO,11/07/1982,M,S&D,Partido Socialista Obrero Español
119875,Spain,Iñaki,IRAZABALBEITIA FERNÁNDEZ,01/08/1957,M,Verts/ALE,Aralar
28291,Slovenia,Romana,JORDAN,08/01/1966,F,PPE,Slovenska demokratska stranka
38613,Bulgaria,Metin,KAZAK,29/07/1972,M,ALDE,Movement for Rights and Freedoms
96882,Austria,Elisabeth,KÖSTINGER,22/11/1978,F,PPE,Österreichische Volkspartei
122404,Denmark,Claus,LARSEN-JENSEN,09/05/1953,M,S&D,Socialdemokratiet
120478,Germany,Martina,MICHELS,01/12/1955,F,GUE/NGL,DIE LINKE.
118858,Malta,Marlene,MIZZI,24/12/1954,F,S&D,Partit Laburista
112744,Croatia,Tonino,PICULA,31/08/1961,M,S&D,Socijaldemokratska partija Hrvatske
28404,Italy,Matteo,SALVINI,09/03/1973,M,EFD,Lega Nord
96718,Czech Republic,Olga,SEHNALOVÁ,25/10/1968,F,S&D,Česká strana sociálně demokratická
122317,Poland,Tadeusz,ROSS,14/03/1938,M,PPE,Platforma Obywatelska
118860,Malta,Claudette,ABELA BALDACCHINO,17/02/1973,F,S&D,Partit Laburista
122885,Denmark,Rina Ronja,KARI,15/02/1985,F,GUE/NGL,Folkebevægelsen mod EU
28141,Hungary,Lívia,JÁRÓKA,06/10/1974,F,PPE,Fidesz-Magyar Polgári Szövetség-Keresztény Demokrata Néppárt
96782,Poland,Sidonia Elżbieta,JĘDRZEJEWSKA,05/11/1975,F,PPE,Platforma Obywatelska
4271,Germany,Elisabeth,JEGGLE,21/07/1947,F,PPE,Christlich Demokratische Union Deutschlands
4440,Denmark,Anne,E. JENSEN,17/08/1951,F,ALDE,"Venstre, Danmarks Liberale Parti"
96748,Netherlands,Cornelis de,JONG,22/05/1955,M,GUE/NGL,Socialistische Partij
28156,Denmark,Dan,JØRGENSEN,12/06/1975,M,S&D,Socialdemokratiet
96884,France,Philippe,JUVIN,01/02/1964,M,PPE,Union pour un Mouvement Populaire
23691,Slovenia,Jelko,KACIN,26/11/1955,M,ALDE,Liberalna Demokracija Slovenije
97014,Austria,Karin,KADENBACH,19/04/1958,F,S&D,Sozialdemokratische Partei Österreichs
96771,Poland,Jarosław,KALINOWSKI,12/04/1962,M,PPE,Polskie Stronnictwo Ludowe
96934,Latvia,Sandra,KALNIETE,22/12/1952,F,PPE,Vienotība
33569,United Kingdom,Syed,KAMALL,15/02/1967,M,ECR,Conservative Party
23792,Poland,Michał Tomasz,KAMIŃSKI,28/03/1972,M,ECR,Niezależny
28481,United Kingdom,Sajjad,KARIM,11/07/1970,M,ECR,Conservative Party
25919,Germany,Martin,KASTLER,18/06/1974,M,PPE,Christlich-Soziale Union in Bayern e.V.
96737,France,Nicole,KIIL-NIELSEN,21/08/1949,F,Verts/ALE,Europe Écologie
34231,Bulgaria,Evgeni,KIRILOV,26/01/1945,M,S&D,Coalition for Bulgaria
4542,United Kingdom,Timothy,KIRKHOPE,29/04/1945,M,ECR,Conservative Party
1929,Germany,Christa,KLASS,07/11/1951,F,PPE,Christlich Demokratische Union Deutschlands
23413,Slovenia,Mojca,KLEVA KEKUŠ,30/03/1976,F,S&D,Socialni demokrati
28244,Germany,Wolf,KLINZ,13/09/1941,M,ALDE,Freie Demokratische Partei
1852,Germany,Dieter-Lebrecht,KOCH,07/01/1953,M,PPE,Christlich Demokratische Union Deutschlands
28241,Germany,Silvana,KOCH-MEHRIN,17/11/1970,F,ALDE,Freie Demokratische Partei
28331,Czech Republic,Jaromír,KOHLÍČEK,23/02/1953,M,GUE/NGL,Komunistická strana Čech a Moravy
96785,Poland,Lena,KOLARSKA-BOBIŃSKA,03/12/1947,F,PPE,Platforma Obywatelska
39319,Greece,Maria Eleni,KOPPA,01/03/1963,F,S&D,Panhellenic Socialist Movement
4260,Finland,Eija-Riitta,KORHOLA,15/06/1959,F,PPE,Kansallinen Kokoomus
96829,Hungary,Ádám,KÓSA,01/07/1975,M,PPE,Fidesz-Magyar Polgári Szövetség-Keresztény Demokrata Néppárt
96793,Poland,Paweł Robert,KOWAL,22/07/1975,M,ECR,Polska Razem Jarosława Gowina
23873,Slovakia,Sergej,KOZLÍK,27/07/1950,M,ALDE,Ľudová strana - Hnutie za demokratické Slovensko
101954,Poland,Jan,KOZŁOWSKI,01/01/1946,M,PPE,Platforma Obywatelska
28247,Germany,Holger,KRAHMER,16/10/1970,M,ALDE,Freie Demokratische Partei
4482,Greece,Rodi,KRATSA-TSAGAROPOULOU,15/04/1953,F,PPE,Nea Demokratia
1854,Germany,Constanze Angela,KREHL,14/10/1956,F,S&D,Sozialdemokratische Partei Deutschlands
1935,Germany,Wolfgang,KREISSL-DÖRFLER,01/12/1950,M,S&D,Sozialdemokratische Partei Deutschlands
96767,Germany,Werner,KUHN,19/05/1955,M,PPE,Christlich Demokratische Union Deutschlands
1204,France,Alain,LAMASSOURE,10/02/1944,M,PPE,Union pour un Mouvement Populaire
4531,United Kingdom,Jean,LAMBERT,01/06/1950,F,Verts/ALE,Green Party
28242,Germany,Alexander Graf,LAMBSDORFF,05/11/1966,M,ALDE,Freie Demokratische Partei
23746,Lithuania,Vytautas,LANDSBERGIS,18/10/1932,M,PPE,Tėvynės sąjunga - Lietuvos krikščionys demokratai
1909,Germany,Bernd,LANGE,14/11/1955,M,S&D,Sozialdemokratische Partei Deutschlands
38398,Netherlands,Esther de,LANGE,19/02/1975,F,PPE,Christen Democratisch Appèl
1928,Germany,Werner,LANGEN,27/11/1949,M,PPE,Christlich Demokratische Union Deutschlands
96816,Italy,Giovanni,LA VIA,28/06/1963,M,PPE,Nuovo Centrodestra
96796,Poland,Ryszard Antoni,LEGUTKO,24/12/1949,M,ECR,Prawo i Sprawiedliwość
2224,Germany,Klaus-Heiner,LEHNE,28/10/1957,M,PPE,Christlich Demokratische Union Deutschlands
28251,Austria,Jörg,LEICHTFRIED,18/06/1967,M,S&D,Sozialdemokratische Partei Österreichs
4262,Germany,Jo,LEINEN,06/04/1948,M,S&D,Sozialdemokratische Partei Deutschlands
97076,France,Corinne,LEPAGE,11/05/1951,F,ALDE,Citoyenneté Action Participation pour le 21ème siècle
1023,France,Jean-Marie,LE PEN,20/06/1928,M,NA/NI,Front national
28210,France,Marine,LE PEN,05/08/1968,F,NA/NI,Front national
23768,Poland,Bogusław,LIBERADZKI,12/09/1948,M,S&D,Sojusz Lewicy Demokratycznej
28253,Austria,Eva,LICHTENBERGER,01/07/1954,F,Verts/ALE,Die Grünen - Die Grüne Alternative
1927,Germany,Peter,LIESE,20/05/1965,M,PPE,Christlich Demokratische Union Deutschlands
28182,Netherlands,Kartika Tamara,LIOTARD,26/06/1971,F,GUE/NGL,Onafhankelijk lid
96788,Poland,Krzysztof,LISEK,28/05/1967,M,PPE,Platforma Obywatelska
28399,Spain,Antonio,LÓPEZ-ISTÚRIZ WHITE,01/04/1970,M,PPE,Partido Popular
4529,United Kingdom,Baroness Sarah,LUDFORD,14/03/1951,F,ALDE,Liberal Democrats Party
96791,Poland,Elżbieta Katarzyna,ŁUKACIJEWSKA,25/11/1966,F,PPE,Platforma Obywatelska
1186,Luxembourg,Astrid,LULLING,11/06/1929,F,PPE,Parti chrétien social luxembourgeois
2327,United Kingdom,Linda,McAVAN,02/12/1962,F,S&D,Labour Party
2173,United Kingdom,Arlene,McCARTHY,10/10/1960,F,S&D,Labour Party
96919,United Kingdom,Emma,McCLARKIN,09/10/1978,F,ECR,Conservative Party
28115,Ireland,Mairead,McGUINNESS,13/06/1959,F,PPE,Fine Gael Party
1405,United Kingdom,Edward,McMILLAN-SCOTT,15/08/1949,M,ALDE,Liberal Democrats Party
4560,Netherlands,Toine,MANDERS,14/03/1956,M,ALDE,Volkspartij voor Vrijheid en Democratie
28192,Slovakia,Vladimír,MAŇKA,19/09/1959,M,S&D,SMER-Sociálna demokracia
1922,Germany,Thomas,MANN,28/01/1946,M,PPE,Christlich Demokratische Union Deutschlands
33982,Romania,Marian-Jean,MARINESCU,11/08/1952,M,PPE,Partidul Democrat-Liberal
1403,United Kingdom,David,MARTIN,26/08/1954,M,S&D,Labour Party
4238,Austria,Hans-Peter,MARTIN,11/08/1957,M,NA/NI,"Liste ""Dr. Martin - für Demokratie, Kontrolle, Gerechtigkeit"""
4346,Spain,Miguel Angel,MARTÍNEZ MARTÍNEZ,30/01/1940,M,S&D,Partido Socialista Obrero Español
28338,Spain,Antonio,MASIP HIDALGO,03/05/1946,M,S&D,Partido Socialista Obrero Español
23704,Czech Republic,Jiří,MAŠTÁLKA,03/01/1956,M,GUE/NGL,Komunistická strana Čech a Moravy
4412,France,Véronique,MATHIEU HOUILLON,28/10/1955,F,PPE,Union pour un Mouvement Populaire
95017,Romania,Iosif,MATULA,23/08/1958,M,PPE,Partidul Democrat-Liberal
4275,Germany,Hans-Peter,MAYER,05/05/1944,M,PPE,Christlich Demokratische Union Deutschlands
28362,Spain,Jaime,MAYOR OREJA,12/07/1951,M,PPE,Partido Popular
39916,Slovenia,Zofija,MAZEJ KUKOVIČ,14/05/1955,F,PPE,Slovenska demokratska stranka
96817,Italy,Erminia,MAZZONI,28/04/1965,F,PPE,Nuovo Centrodestra
96870,Germany,Gesine,MEISSNER,22/02/1952,F,ALDE,Freie Demokratische Partei
96742,France,Jean-Luc,MÉLENCHON,19/08/1951,M,GUE/NGL,Front de gauche pour changer d’Europe
96978,Portugal,Nuno,MELO,18/03/1966,M,PPE,Partido Popular
4348,Spain,Emilio,MENÉNDEZ del VALLE,20/06/1945,M,S&D,Partido Socialista Obrero Español
96910,Netherlands,Judith,A. MERKIES,28/09/1966,F,S&D,Partij van de Arbeid
28407,Spain,Willy,MEYER,19/08/1952,M,GUE/NGL,Izquierda Unida
96670,Belgium,Louis,MICHEL,02/09/1947,M,ALDE,Mouvement Réformateur
28178,Slovakia,Miroslav,MIKOLÁŠIK,11/09/1952,M,PPE,Kresťanskodemokratické hnutie
28400,Spain,Francisco José,MILLÁN MON,08/03/1955,M,PPE,Partido Popular
28112,Ireland,Gay,MITCHELL,30/12/1951,M,PPE,Fine Gael Party
4519,United Kingdom,Claude,MORAES,22/10/1965,M,S&D,Labour Party
96930,Portugal,Vital,MOREIRA,08/11/1944,M,S&D,Partido Socialista
38596,France,Elisabeth,MORIN-CHARTIER,10/10/1947,F,PPE,Union pour un Mouvement Populaire
96661,Hungary,Krisztina,MORVAI,22/06/1963,F,NA/NI,Jobbik Magyarországért Mozgalom
1965,Netherlands,Jan,MULDER,03/10/1943,M,ALDE,Volkspartij voor Vrijheid en Democratie
1073,Italy,Cristiana,MUSCARDINI,06/11/1948,F,ECR,Conservatori e Social Riformatori
5537,Spain,Juan Andrés,NARANJO ESCOBAR,04/01/1952,M,PPE,Partido Popular
96653,Slovakia,Katarína,NEVEĎALOVÁ,10/11/1982,F,S&D,SMER-Sociálna demokracia
1394,United Kingdom,Bill,NEWTON DUNN,03/10/1941,M,ALDE,Liberal Democrats Party
1946,Belgium,Annemie,NEYTS-UYTTEBROECK,17/06/1944,F,ALDE,Open Vlaamse Liberalen en Democraten
1318,United Kingdom,James,NICHOLSON,29/01/1945,M,ECR,Ulster Conservatives and Unionists-New Force
39714,Romania,Rareş-Lucian,NICULESCU,29/08/1976,M,PPE,Partidul Democrat-Liberal
4289,Germany,Angelika,NIEBLER,18/02/1963,F,PPE,Christlich-Soziale Union in Bayern e.V.
28165,Netherlands,Lambert van,NISTELROOIJ,05/03/1953,M,PPE,Christen Democratisch Appèl
96794,Poland,Sławomir,NITRAS,26/04/1973,M,PPE,Platforma Obywatelska
96981,Austria,Franz,OBERMAYR,25/05/1952,M,NA/NI,Freiheitliche Partei Österreichs
4328,Spain,Raimon,OBIOLS,05/08/1940,M,S&D,Partit dels Socialistes de Catalunya
97230,Estonia,Kristiina,OJULAND,17/12/1966,F,ALDE,Sõltumatu
1122,Netherlands,Ria,OOMEN-RUIJTEN,06/09/1950,F,PPE,Christen Democratisch Appèl
23819,Hungary,Csaba,ŐRY,12/05/1952,M,PPE,Fidesz-Magyar Polgári Szövetség-Keresztény Demokrata Néppárt
23705,Czech Republic,Miroslav,OUZKÝ,18/08/1958,M,ECR,Občanská demokratická strana
26829,Estonia,Siiri,OVIIR,03/11/1947,F,ALDE,Sõltumatu
1191,Germany,Doris,PACK,18/03/1942,F,PPE,Christlich Demokratische Union Deutschlands
97025,Estonia,Ivari,PADAR,12/03/1965,M,S&D,Sotsiaaldemokraatlik Erakond
96694,Lithuania,Rolandas,PAKSAS,10/06/1956,M,EFD,Partija Tvarka ir teisingumas
28279,Lithuania,Justas Vincas,PALECKIS,01/01/1942,M,S&D,Lietuvos socialdemokratų partija
97197,Italy,Alfredo,PALLONE,13/09/1947,M,PPE,Nuovo Centrodestra
38602,Bulgaria,Vladko Todorov,PANAYOTOV,07/05/1950,M,ALDE,Movement for Rights and Freedoms
28365,Italy,Pier Antonio,PANZERI,06/06/1955,M,S&D,Partito Democratico
28572,Greece,Georgios,PAPASTAMKOS,05/03/1955,M,PPE,Nea Demokratia
96948,France,Gilles,PARGNEAUX,24/03/1957,M,S&D,Parti socialiste
96654,Slovakia,Jaroslav,PAŠKA,20/06/1954,M,EFD,Slovenská národná strana
96902,Portugal,Maria do Céu,PATRÃO NEVES,26/04/1959,F,PPE,Partido Social Democrata
36392,Italy,Aldo,PATRICIELLO,27/09/1957,M,PPE,Forza Italia
4270,Sweden,Marit,PAULSEN,24/11/1939,F,ALDE,Folkpartiet liberalerna
23693,Slovenia,Alojz,PETERLE,05/07/1948,M,PPE,Nova Slovenija - Krščanska ljudska stranka
28341,Poland,Mirosław,PIOTROWSKI,09/01/1966,M,ECR,Prawo i Sprawiedliwość
2307,Austria,Hubert,PIRKER,03/10/1948,M,PPE,Österreichische Volkspartei
4436,Italy,Gianni,PITTELLA,19/11/1958,M,S&D,Partito Democratico
39317,Greece,Anni,PODIMATA,08/10/1962,F,S&D,Panhellenic Socialist Movement
2229,Germany,Bernd,POSSELT,04/06/1956,M,PPE,Christlich-Soziale Union in Bayern e.V.
1253,Germany,Hans-Gert,PÖTTERING,15/09/1945,M,PPE,Christlich Demokratische Union Deutschlands
28370,Italy,Vittorio,PRODI,19/05/1937,M,S&D,Partito Democratico
23782,Poland,Jacek,PROTASIEWICZ,05/06/1967,M,PPE,Platforma Obywatelska
96994,Italy,Fiorello,PROVERA,31/03/1946,M,EFD,Lega Nord
1055,Germany,Godelieve,QUISTHOUDT-ROWOHL,18/06/1947,F,PPE,Christlich Demokratische Union Deutschlands
23706,Czech Republic,Miloslav,RANSDORF,15/02/1953,M,GUE/NGL,Komunistická strana Čech a Moravy
1906,Germany,Bernhard,RAPKAY,08/01/1951,M,S&D,Sozialdemokratische Partei Deutschlands
28330,Czech Republic,Vladimír,REMEK,26/09/1948,M,GUE/NGL,Komunistická strana Čech a Moravy
28225,Germany,Herbert,REUL,31/08/1952,M,PPE,Christlich Demokratische Union Deutschlands
28349,Spain,Teresa,RIERA MADURELL,13/10/1950,F,S&D,Partido Socialista Obrero Español
4253,Belgium,Frédérique,RIES,14/05/1959,F,ALDE,Mouvement Réformateur
96743,France,Michèle,RIVASI,09/02/1953,F,Verts/ALE,Europe Écologie
97199,Italy,Crescenzio,RIVELLINI,09/07/1955,M,PPE,Forza Italia
93624,Germany,Ulrike,RODUST,04/06/1949,F,S&D,Sozialdemokratische Partei Deutschlands
28352,Czech Republic,Zuzana,ROITHOVÁ,30/01/1953,F,PPE,Křesťanská a demokratická unie - Československá strana lidová
96990,Spain,Carmen,ROMERO LÓPEZ,15/11/1946,F,S&D,Partido Socialista Obrero Español
28409,Spain,Raül,ROMEVA i RUEDA,12/03/1971,M,Verts/ALE,Iniciativa per Catalunya Verds
96664,Denmark,Anna,ROSBACH,02/02/1947,F,ECR,Løsgænger
97196,Italy,Oreste,ROSSI,24/03/1964,M,PPE,-
1183,Germany,Dagmar,ROTH-BEHRENDT,21/02/1953,F,S&D,Sozialdemokratische Partei Deutschlands
23707,Czech Republic,Libor,ROUČEK,04/09/1954,M,S&D,Česká strana sociálně demokratická
2278,Austria,Paul,RÜBIG,06/05/1953,M,PPE,Österreichische Volkspartei
96988,Latvia,Alfreds,RUBIKS,24/09/1935,M,GUE/NGL,"Politisko partiju apvienība ""Saskaņas centrs"""
4294,Germany,Heide,RÜHLE,05/11/1948,F,Verts/ALE,Bündnis 90/Die Grünen
4345,France,Tokia,SAÏFI,11/07/1959,F,PPE,Union pour un Mouvement Populaire
2002,Spain,José Ignacio,SALAFRANCA SÁNCHEZ-NEYRA,31/05/1955,M,PPE,Partido Popular
33989,Romania,Daciana Octavia,SÂRBU,15/01/1977,F,S&D,Partidul Social Democrat
4423,Italy,Amalia,SARTORI,02/08/1947,F,PPE,Forza Italia
28297,Poland,Jacek,SARYUSZ-WOLSKI,19/09/1948,M,PPE,Platforma Obywatelska
96864,Italy,David-Maria,SASSOLI,30/05/1956,M,S&D,Partito Democratico
37312,Denmark,Christel,SCHALDEMOSE,04/08/1967,F,S&D,Socialdemokratiet
28139,Sweden,Carl,SCHLYTER,07/01/1968,M,Verts/ALE,Miljöpartiet de gröna
4274,Sweden,Olle,SCHMIDT,22/07/1949,M,ALDE,Folkpartiet liberalerna
1930,Germany,Horst,SCHNELLHARDT,12/05/1946,M,PPE,Christlich Demokratische Union Deutschlands
96646,Germany,Helmut,SCHOLZ,21/06/1954,M,GUE/NGL,DIE LINKE.
28135,Hungary,György,SCHÖPFLIN,24/11/1939,M,PPE,Fidesz-Magyar Polgári Szövetség-Keresztény Demokrata Néppárt
1933,Germany,Elisabeth,SCHROEDTER,11/03/1959,F,Verts/ALE,Bündnis 90/Die Grünen
1911,Germany,Martin,SCHULZ,20/12/1955,M,S&D,Sozialdemokratische Partei Deutschlands
28223,Germany,Andreas,SCHWAB,09/04/1973,M,PPE,Christlich Demokratische Union Deutschlands
96996,Italy,Giancarlo,SCOTTÀ,11/04/1953,M,EFD,Lega Nord
28252,Austria,Richard,SEEBER,15/01/1962,M,PPE,Österreichische Volkspartei
96789,Poland,Joanna,SENYSZYN,01/02/1949,F,S&D,Sojusz Lewicy Demokratycznej
33990,Romania,Adrian,SEVERIN,28/03/1954,M,NA/NI,Partidul Social Democrat
23787,Poland,Czesław Adam,SIEKIERSKI,08/10/1952,M,PPE,Polskie Stronnictwo Ludowe
96755,Italy,Sergio Paolo Francesco,SILVESTRIS,22/12/1973,M,PPE,Forza Italia
1309,United Kingdom,Brian,SIMPSON,06/02/1953,M,S&D,Labour Party
96960,United Kingdom,Nicole,SINCLAIRE,26/07/1968,F,NA/NI,We Demand a Referendum
96932,Germany,Birgit,SIPPEL,29/01/1960,F,S&D,Sozialdemokratische Partei Deutschlands
28380,Poland,Marek,SIWIEC,13/03/1955,M,S&D,-
2081,United Kingdom,Peter,SKINNER,01/06/1959,M,S&D,Labour Party
28508,United Kingdom,Alyn,SMITH,15/09/1973,M,Verts/ALE,Scottish National Party
39724,Romania,Csaba,SÓGOR,12/05/1964,M,PPE,Uniunea Democrată Maghiară din România
4282,Germany,Renate,SOMMER,10/09/1958,F,PPE,Christlich Demokratische Union Deutschlands
37676,Denmark,Søren Bo,SØNDERGAARD,16/08/1955,M,GUE/NGL,Folkebevægelsen mod EU
28299,Poland,Bogusław,SONIK,03/12/1953,M,PPE,Platforma Obywatelska
97170,Spain,Francisco,SOSA WAGNER,10/06/1946,M,NA/NI,"Unión, Progreso y Democracia"
997,Italy,Francesco Enrico,SPERONI,04/10/1946,M,EFD,Lega Nord
4751,Belgium,Bart,STAES,07/08/1958,M,Verts/ALE,Groen
96905,Netherlands,Laurence,J.A.J. STASSEN,08/02/1971,F,NA/NI,Partij voor de Vrijheid
28170,Slovakia,Peter,ŠŤASTNÝ,18/09/1956,M,PPE,Slovenská demokratická a kresťanská únia - Demokratická strana
4546,United Kingdom,Struan,STEVENSON,04/04/1948,M,ECR,Conservative Party
4545,United Kingdom,Catherine,STIHLER,30/07/1973,F,S&D,Labour Party
96946,Netherlands,Daniël van der,STOEP,12/09/1980,M,NA/NI,Artikel 50
34254,Bulgaria,Dimitar,STOYANOV,17/05/1983,M,NA/NI,National-Democratic Party
2037,United Kingdom,Robert,STURDY,22/06/1944,M,ECR,Conservative Party
23820,Hungary,László,SURJÁN,07/09/1941,M,PPE,Fidesz-Magyar Polgári Szövetség-Keresztény Demokrata Néppárt
2295,Austria,Hannes,SWOBODA,10/11/1946,M,S&D,Sozialdemokratische Partei Österreichs
23821,Hungary,József,SZÁJER,07/09/1961,M,PPE,Fidesz-Magyar Polgári Szövetség-Keresztény Demokrata Néppárt
28358,Poland,Konrad,SZYMAŃSKI,06/12/1969,M,ECR,Prawo i Sprawiedliwość
23808,Hungary,Csaba Sándor,TABAJDI,26/06/1952,M,S&D,Magyar Szocialista Párt
28316,Finland,Hannu,TAKKULA,20/11/1963,M,ALDE,Suomen Keskusta
4521,United Kingdom,Charles,TANNOCK,25/09/1957,M,ECR,Conservative Party
29579,Belgium,Marc,TARABELLA,11/03/1963,M,S&D,Parti Socialiste
1945,Italy,Salvatore,TATARELLA,11/10/1947,M,PPE,Futuro e Libertà per l'Italia
96821,Portugal,Rui,TAVARES,29/07/1972,M,Verts/ALE,Independente
102931,United Kingdom,Keith,TAYLOR,01/08/1953,M,Verts/ALE,Green Party
107385,Finland,Sampo,TERHO,20/09/1977,M,EFD,Perussuomalaiset
25704,Cyprus,Eleni,THEOCHAROUS,24/06/1953,F,PPE,Democratic Rally
28153,Denmark,Britta,THOMSEN,23/01/1954,F,S&D,Socialdemokratiet
1832,Belgium,Marianne,THYSSEN,24/07/1956,F,PPE,Christen-Democratisch & Vlaams
36281,Romania,Silvia-Adriana,ŢICĂU,14/11/1970,F,S&D,Partidul Social Democrat
28340,Italy,Patrizia,TOIA,17/03/1950,F,S&D,Partito Democratico
39726,Romania,László,TŐKÉS,01/04/1952,M,PPE,-
96697,Lithuania,Valdemar,TOMAŠEVSKI,03/03/1965,M,ECR,Lietuvos lenkų rinkimų akcija
96713,Czech Republic,Evžen,TOŠENOVSKÝ,26/02/1956,M,ECR,Občanská demokratická strana
28584,Greece,Georgios,TOUSSAS,08/09/1954,M,GUE/NGL,Communist Party of Greece
1129,France,Catherine,TRAUTMANN,15/01/1951,F,S&D,Parti socialiste
110987,Italy,Gino,TREMATERRA,03/09/1940,M,PPE,Unione dei Democratici cristiani e dei Democratici di Centro
97203,Spain,Ramon,TREMOSA i BALCELLS,30/06/1965,M,ALDE,Convergència Democràtica de Catalunya
28514,Cyprus,Kyriacos,TRIANTAPHYLLIDES,03/09/1944,M,GUE/NGL,Progressive Party of Working People - Left - New Forces
28240,Germany,Helga,TRÜPEL,21/07/1958,F,Verts/ALE,Bündnis 90/Die Grünen
96773,Poland,Rafał,TRZASKOWSKI,17/01/1972,M,PPE,Platforma Obywatelska
96898,Greece,Ioannis,A. TSOUKALAS,03/07/1941,M,PPE,Nea Demokratia
4432,Luxembourg,Claude,TURMES,26/11/1960,M,Verts/ALE,Déi Gréng - Les Verts
96672,Sweden,Marita,ULVSKOG,04/09/1951,F,S&D,Arbetarepartiet- Socialdemokraterna
96835,Romania,Traian,UNGUREANU,01/03/1958,M,PPE,Partidul Democrat-Liberal
38601,Bulgaria,Vladimir,URUTCHEV,01/10/1954,M,PPE,Citizens for European Development of Bulgaria
96845,Romania,Corneliu,VADIM TUDOR,28/11/1949,M,NA/NI,Partidul România Mare
28617,Latvia,Inese,VAIDERE,03/09/1952,F,PPE,Vienotība
37324,Romania,Adina-Ioana,VĂLEAN,16/02/1968,F,ALDE,Partidul Naţional Liberal
5729,Belgium,Kathleen,VAN BREMPT,18/11/1969,F,S&D,Socialistische Partij.Anders
1956,Belgium,Frank,VANHECKE,30/05/1959,M,EFD,Onafhankelijk
4513,United Kingdom,Geoffrey,VAN ORDEN,10/04/1945,M,ECR,Conservative Party
4398,Italy,Gianni,VATTIMO,04/01/1936,M,ALDE,Italia dei Valori - Lista Di Pietro (Indipendente)
4308,Spain,Alejo,VIDAL-QUADRAS,20/05/1945,M,PPE,Partido Popular
2212,France,Philippe de,VILLIERS,25/03/1949,M,EFD,Mouvement pour la France
28323,Czech Republic,Oldřich,VLASÁK,26/11/1955,M,ECR,Občanská demokratická strana
5737,France,Dominique,VLASTO,14/08/1946,F,PPE,Union pour un Mouvement Populaire
96761,Germany,Axel,VOSS,07/04/1963,M,PPE,Christlich Demokratische Union Deutschlands
2155,United Kingdom,Sir Graham,WATSON,23/03/1956,M,ALDE,Liberal Democrats Party
2319,France,Henri,WEBER,24/06/1944,M,S&D,Parti socialiste
28229,Germany,Manfred,WEBER,14/07/1972,M,PPE,Christlich-Soziale Union in Bayern e.V.
39713,Romania,Renate,WEBER,03/08/1955,F,ALDE,Partidul Naţional Liberal
1907,Germany,Barbara,WEILER,17/09/1946,F,S&D,Sozialdemokratische Partei Deutschlands
97016,Austria,Angelika,WERTHMANN,07/11/1963,F,ALDE,-
28130,Sweden,Åsa,WESTLUND,19/05/1976,F,S&D,Arbetarepartiet- Socialdemokraterna
2323,Germany,Rainer,WIELAND,19/02/1957,M,PPE,Christlich Demokratische Union Deutschlands
96677,Sweden,Cecilia,WIKSTRÖM,17/10/1965,F,ALDE,Folkpartiet liberalerna
35743,United Kingdom,Glenis,WILLMOTT,04/03/1951,F,S&D,Labour Party
23784,Poland,Janusz,WOJCIECHOWSKI,06/12/1954,M,ECR,Prawo i Sprawiedliwość
28167,Netherlands,Corien,WORTMANN-KOOL,27/06/1959,F,PPE,Christen Democratisch Appèl
28278,Spain,Luis,YÁÑEZ-BARNUEVO GARCÍA,12/04/1943,M,S&D,Partido Socialista Obrero Español
23894,Slovakia,Anna,ZÁBORSKÁ,07/06/1948,F,PPE,Kresťanskodemokratické hnutie
23712,Czech Republic,Jan,ZAHRADIL,20/03/1963,M,ECR,Občanská demokratická strana
96778,Poland,Artur,ZASADA,05/06/1969,M,ECR,Polska Razem Jarosława Gowina
28619,Latvia,Tatjana,ŽDANOKA,08/05/1950,F,Verts/ALE,Par cilvēka tiesībām vienotā Latvijā
96762,Germany,Joachim,ZELLER,01/07/1952,M,PPE,Christlich Demokratische Union Deutschlands
96784,Poland,Janusz Władysław,ZEMKE,24/02/1949,M,S&D,Sojusz Lewicy Demokratycznej
28615,Latvia,Roberts,ZĪLE,20/06/1958,M,ECR,Tēvzemei un Brīvībai/LNNK
28248,Germany,Gabriele,ZIMMER,07/05/1955,F,GUE/NGL,DIE LINKE.
28301,Poland,Tadeusz,ZWIEFKA,28/12/1954,M,PPE,Platforma Obywatelska
72775,France,Rachida,DATI,27/11/1965,F,PPE,Union pour un Mouvement Populaire
28215,France,Jacky,HÉNIN,12/11/1960,M,GUE/NGL,Front de gauche pour changer d’Europe
111011,United Kingdom,Anthea,McINTYRE,29/06/1954,F,ECR,Conservative Party
28224,Germany,Markus,PIEPER,15/05/1963,M,PPE,Christlich Demokratische Union Deutschlands
111033,Latvia,Kārlis,ŠADURSKIS,11/10/1959,M,PPE,Vienotība
97308,Estonia,Vilja,SAVISAAR-TOOMAST,15/08/1962,F,ALDE,Eesti Reformierakond
96824,Romania,Monica Luisa,MACOVEI,04/02/1959,F,PPE,Partidul Democrat-Liberal
58758,Italy,Elisabetta,GARDINI,03/06/1956,F,PPE,Forza Italia
97017,Austria,Ulrike,LUNACEK,26/05/1957,F,Verts/ALE,Die Grünen - Die Grüne Alternative
1059,Germany,Hiltrud,BREYER,22/08/1957,F,Verts/ALE,Bündnis 90/Die Grünen
23805,Hungary,Zita,GURMAI,01/06/1965,F,S&D,Magyar Szocialista Párt
96728,Germany,Barbara,LOCHBIHLER,20/05/1959,F,Verts/ALE,Bündnis 90/Die Grünen
112748,Croatia,Biljana,BORZAN,29/11/1971,F,S&D,Socijaldemokratska partija Hrvatske
107973,Finland,Tarja,CRONBERG,29/06/1943,F,Verts/ALE,Vihreä liitto
119438,Croatia,Zdravka,BUŠIĆ,06/09/1950,F,PPE,Hrvatska demokratska zajednica
112755,Croatia,Andrej,PLENKOVIĆ,08/04/1970,M,PPE,Hrvatska demokratska zajednica
119434,Croatia,Dubravka,ŠUICA,20/05/1957,F,PPE,Hrvatska demokratska zajednica
119431,Croatia,Ruža,TOMAŠIĆ,10/05/1958,F,ECR,Hrvatska stranka prave dr. Ante Starčević
112760,Croatia,Nikola,VULJANIĆ,25/06/1949,M,GUE/NGL,Hrvatski laburisti - stranka rada
28390,Spain,Pilar del,CASTILLO VERA,31/07/1952,F,PPE,Partido Popular
96987,Spain,Ricardo,CORTÉS LASTRA,23/09/1969,M,S&D,Partido Socialista Obrero Español
107041,Austria,Heinz,K. BECKER,29/06/1950,M,PPE,Österreichische Volkspartei
96842,Germany,Ismail,ERTUG,05/12/1975,M,S&D,Sozialdemokratische Partei Deutschlands
96818,Italy,Salvatore,IACOLINO,18/11/1963,M,PPE,Forza Italia
96781,Poland,Danuta,JAZŁOWIECKA,19/05/1957,F,PPE,Platforma Obywatelska
96823,Romania,Petru Constantin,LUHAN,19/03/1977,M,PPE,Partidul Democrat-Liberal
118859,Malta,Roberta,METSOLA,18/01/1979,F,PPE,Partit Nazzjonalista
96890,Italy,Mario,PIRILLO,11/09/1945,M,S&D,Partito Democratico
28300,Poland,Zbigniew,ZALESKI,29/04/1947,M,PPE,Platforma Obywatelska
