epid,firstname,lastname,active,start,end,birthdate,country,gender,eugroup,party,email,twitter,term,voteid,ep2024
254876,Ricardo,MORGADO,1,2024-04-10,,,pt,,EPP,Partido Social Democrata,,,9,7362,
254722,Teófilo,SANTOS,1,2024-04-02,,1951-02-12,pt,,EPP,Partido Social Democrata,,,9,7361,
254721,Vânia,NETO,1,2024-04-02,,1979-04-25,pt,,EPP,Partido Social Democrata,,,9,7360,
254720,Ana Miguel,DOS SANTOS,1,2024-04-02,,1981-09-12,pt,,EPP,Partido Social Democrata,,,9,7359,
254719,Vasco,BECKER-WEINBERG,1,2024-03-26,,1979-09-21,pt,,EPP,Partido do Centro Democrático Social-Partido Popular,,,9,7358,
254718,Anabela,RODRIGUES,1,2024-03-26,,1976-10-18,pt,,GUE/NGL,Bloco de Esquerda,,,9,7357,
253043,Henk Jan,ORMEL,1,2024-02-27,,1955-12-15,nl,,EPP,Christen Democratisch Appèl,,,9,7347,
253008,Linus,GLANZELIUS,1,2024-02-27,,1990-12-28,se,,S&D,Arbetarepartiet- Socialdemokraterna,,,9,7346,
251874,Niels,GEUKING,1,2024-02-05,,1992-11-17,de,,EPP,Familien-Partei Deutschlands,,,9,7345,f2ne
251859,Guy,LAVOCAT,1,2024-01-12,,1963-02-14,fr,,Renew,Renaissance,,,9,7344,fxu
251324,Krzysztof,BREJZA,1,2024-01-03,,1983-05-16,pl,,EPP,Platforma Obywatelska,,,9,7343,h6y3
251268,Michael,KAUCH,1,2024-01-01,,1967-05-04,de,,Renew,Freie Demokratische Partei,,,9,7342,
251249,Esther,SANZ SELVA,1,2023-12-21,,1985-07-02,es,,GUE/NGL,PODEMOS,,,9,7341,
250918,François,THIOLLET,1,2023-11-30,,1975-10-21,fr,,Greens/EFA,Europe Écologie,,,9,7340,qxq
250572,Patricia,CARO MAYA,1,2023-11-30,,,es,,GUE/NGL,PODEMOS,,,9,7339,
250538,Rafał,ROMANOWSKI,1,2023-11-29,,1978-02-15,pl,,ECR,Prawo i Sprawiedliwość,,,9,7338,
250237,Włodzimierz,KARPIŃSKI,1,2023-11-16,,1961-11-16,pl,,EPP,Independent,,,9,7337,
250235,Witold,PAHL,1,2023-11-16,,1961-12-07,pl,,EPP,Platforma Obywatelska,,,9,7336,yxk
249826,Jozef,MIHÁL,1,2023-10-26,,1965-03-18,sk,,Renew,Independent,,,9,7335,0xj
249603,Martine,KEMP,1,2023-10-24,,1994-07-08,lu,,EPP,Parti chrétien social luxembourgeois,,,9,7334,
249443,Wolfram,PIRCHNER,1,2023-10-17,,1958-04-21,at,,EPP,Österreichische Volkspartei,,,9,7333,5xg
249285,Lydie,MASSARD,1,2023-09-24,,1978-08-24,fr,,Greens/EFA,Régions et Peuples Solidaires,,,9,7332,e14q
249284,Laurence,SAILLIET,1,2023-09-24,,1973-03-01,fr,,EPP,Les Républicains,,,9,7331,
247737,Ana,COLLADO JIMÉNEZ,1,2023-09-06,,1984-02-08,es,,EPP,Partido Popular,,,9,7330,
247735,Laura,BALLARÍN CEREZA,1,2023-09-06,,1984-07-19,es,,S&D,Partido Socialista Obrero Español,,,9,7329,cxd
247709,Anja,HAGA,1,2023-09-05,,1976-12-25,nl,,EPP,ChristenUnie,,,9,7328,gxb
247122,Catherine,AMALRIC,1,2023-08-10,,1964-10-19,fr,,Renew,Parti Radical,,,9,7327,jx9
245858,Thomas,RUDNER,1,2023-07-03,,1961-09-11,de,,S&D,Sozialdemokratische Partei Deutschlands,,,9,7326,mx8
245018,Christophe,CLERGEAU,1,2023-06-02,,1968-09-01,fr,,S&D,Parti socialiste,,,9,7325,px7
244571,Nikos,PAPANDREOU,1,2023-05-03,,1956-09-29,gr,,S&D,PASOK-KINAL,,,9,7324,x7sy
243979,Francesca,PEPPUCCI,1,2023-04-06,,1993-06-02,it,,EPP,Forza Italia,,,9,7323,tx5
243912,Maria Veronica,ROSSI,1,2023-04-06,,1988-09-22,it,,ID,Lega,,,9,7322,
240478,Beatrice,COVASSI,1,2022-12-06,,1968-12-01,it,,S&D,Partito Democratico,,,9,7321,xx3
239973,Bergur Løkke,RASMUSSEN,1,2023-03-13,,1990-03-04,dk,,Renew,Moderaterne,,,9,7319,s66c
239972,Erik,POULSEN,1,2022-11-22,,1967-06-16,dk,,Renew,"Venstre, Danmarks Liberale Parti",,,9,7318,1x1
239271,Eleni,STAVROU,1,2022-11-02,,1975-07-04,cy,,EPP,Democratic Rally,,,9,7317,7wy
239262,Elisabetta,DE BLASIS,1,2024-01-26,,1974-04-30,it,,ECR,FRATELLI D' ITALIA,,,9,7316,
239260,Denis,NESCI,1,2022-11-02,,1981-07-25,it,,ECR,FRATELLI D' ITALIA,,,9,7315,
239258,Maria Angela,DANZÌ,1,2022-11-02,,1957-07-05,it,,NA,Movimento 5 Stelle,,,9,7314,v4sk
239257,Achille,VARIATI,1,2022-11-02,,1953-01-19,it,,S&D,Partito Democratico,,,9,7313,
239256,Paola,GHIDONI,1,2022-11-02,,1963-07-08,it,,ID,Lega,,,9,7312,
239255,Matteo,GAZZINI,1,2023-12-07,,1985-07-09,it,,EPP,Independent,,,9,7311,5wz
238674,Theresa,BIELOWSKI,1,2022-10-10,,1984-06-15,at,,S&D,Sozialdemokratische Partei Österreichs,,,9,7310,mws
238639,Johan,NISSINEN,1,2022-10-11,,1989-05-17,se,,ECR,Sverigedemokraterna,,,9,7309,jwt
237779,Carina,OHLSSON,1,2022-09-26,,1957-06-14,se,,S&D,Arbetarepartiet- Socialdemokraterna,,,9,7308,
237465,Matthias,ECKE,1,2022-10-03,,1983-04-12,de,,S&D,Sozialdemokratische Partei Deutschlands,,,9,7307,t4v2
237320,Eva Maria,POPTCHEVA,1,2022-09-15,,1979-10-17,es,,Renew,Ciudadanos – Partido de la Ciudadanía,,,9,7306,
237224,João,ALBUQUERQUE,1,2022-09-13,,1986-12-25,pt,,S&D,Partido Socialista,,,9,7305,
236053,Marina,MESURE,1,2022-07-29,,1989-07-12,fr,,GUE/NGL,La France Insoumise,,,9,7303,zwk
236052,Patricia,CHAGNON,1,2022-07-29,,1963-11-20,fr,,ID,Rassemblement national,,,9,7302,1wj
236051,Eric,MINARDI,1,2022-07-29,,1956-03-18,fr,,ID,Rassemblement national,,,9,7301,3wh
236050,Marie,DAUCHY,1,2022-07-29,,1987-02-05,fr,,ID,Rassemblement national,,,9,7300,xwm
234344,Max,ORVILLE,1,2022-05-20,,1962-06-19,fr,,Renew,Mouvement Démocrate,,,9,7299,6wg
233862,Matjaž,NEMEC,1,2022-05-18,,1980-04-10,si,,S&D,Socialni demokrati,,,9,7298,8wf
232843,Jan,OVELGÖNNE,1,2024-03-12,,1975-06-30,de,,Greens/EFA,Bündnis 90/Die Grünen,,,9,7348,
230085,Camilla,LAURETI,1,2022-01-12,,1975-05-20,it,,S&D,Partito Democratico,,,9,7297,bwe
229839,René,REPASI,1,2022-02-02,,1979-11-08,de,,S&D,Sozialdemokratische Partei Deutschlands,,,9,7296,dwd
229519,Catharina,RINZEMA,1,2022-01-18,,1985-07-04,nl,,Renew,Volkspartij voor Vrijheid en Democratie,,,9,7295,
229352,Malte,GALLÉE,1,2021-12-22,2024-03-10,1993-09-05,de,,NI,Bündnis 90/Die Grünen,,,9,7294,hwb
228604,Ilan,DE BASSO,1,2021-12-13,,,se,,S&D,Arbetarepartiet- Socialdemokraterna,,,9,7293,nw8
228286,Karsten,LUCKE,1,2022-01-11,,1974-12-29,de,,S&D,Sozialdemokratische Partei Deutschlands,,,9,7292,54vd
226260,Karolin,BRAUNSBERGER-REINHOLD,1,2021-10-07,,1986-11-03,de,,EPP,Christlich Demokratische Union Deutschlands,,,9,7291,
221463,Ladislav,ILČIĆ,1,2022-03-22,,1970-08-04,hr,,ECR,Hrvatski suverenisti,,,9,7290,sw6
218349,Michiel,HOOGEVEEN,1,2021-04-15,,,nl,,ECR,JA21,,,9,7289,
218347,Thijs,REUTEN,1,2021-04-15,,,nl,,S&D,Partij van de Arbeid,,,9,7288,uw5
214839,Emma,WIESNER,1,2021-02-04,,1992-11-11,se,,Renew,Centerpartiet,,,9,7287,2w1
213330,Ernő,SCHALLER-BAROSS,1,2021-01-10,,,hu,,NA,Fidesz-Magyar Polgári Szövetség-Kereszténydemokrata Néppárt,,,9,7286,
212855,Alin,MITUȚA,1,2022-05-31,,1984-05-24,ro,,Renew,Reînnoim Proiectul European al României,,,9,7285,
209896,Colm,MARKEY,1,2020-11-20,,1972-01-03,ie,,EPP,Fine Gael Party,,,9,7284,4w0
209140,Vlad,GHEORGHE,1,2024-02-05,,1985-02-22,ro,,Renew,Independent,,,9,7283,58hx
209091,Cyrus,ENGERER,1,2020-11-05,,1981-09-28,mt,,S&D,Partit Laburista,,,9,7282,
208722,Sara,MATTHIEU,1,2020-10-08,,1981-05-21,be,,Greens/EFA,Groen,,,9,7281,bvx
206158,Manuela,RIPA,1,2020-07-16,,,de,,Greens/EFA,Ökologisch-Demokratische Partei,,,9,7280,m4x4
205452,Chris,MACMANUS,1,2020-03-06,,1973-03-13,ie,,GUE/NGL,Sinn Féin,,,9,7279,fvv
204733,Dorien,ROOKMAKER,1,2021-09-25,,1964-07-30,nl,,ECR,Meer Directe Democratie,,,9,7278,
204449,Riho,TERRAS,1,2020-02-01,,1967-04-17,ee,,EPP,Isamaa,,,9,7277,qvr
204443,Clara,PONSATÍ OBIOLS,1,2020-02-01,,1957-03-19,es,,NA,Junts per Catalunya - Lliures per Europa,,,9,7276,
204421,Jean-Lin,LACAPELLE,1,2020-02-01,,1967-04-17,fr,,ID,Rassemblement national,,,9,7275,4vh
204420,Claude,GRUFFAT,1,2020-02-01,,1957-09-13,fr,,Greens/EFA,Europe Écologie,,,9,7274,cve
204419,Sandro,GOZI,1,2020-02-01,,1968-03-25,fr,,Renew,Liste Renaissance,,,9,7273,9vf
204418,Nora,MEBAREK,1,2020-02-01,,1972-07-22,fr,,S&D,Parti socialiste,,,9,7272,0vk
204416,Ilana,CICUREL,1,2020-02-01,,1972-02-08,fr,,Renew,Liste Renaissance,,,9,7271,jvb
204414,Margarita,DE LA PISA CARRIÓN,1,2020-02-01,,1975-09-19,es,,ECR,VOX,,,9,7270,
204413,Marcos,ROS SEMPERE,1,2020-02-01,,1974-03-24,es,,S&D,Partido Socialista Obrero Español,,,9,7269,wvn
204400,Adrián,VÁZQUEZ LÁZARA,1,2020-02-01,,1982-05-05,es,,Renew,Ciudadanos – Partido de la Ciudadanía,,,9,7268,nvs
204371,Heather,ANDERSON,1,2020-01-27,2020-01-31,1959-01-31,gb,,Greens/EFA,Scottish National Party,,,9,7267,
204368,Christian,SAGARTZ,1,2020-01-23,,1981-01-16,at,,EPP,Österreichische Volkspartei,,,9,7266,
204346,Dominik,TARCZYŃSKI,1,2020-02-01,,,pl,,ECR,Prawo i Sprawiedliwość,,,9,7265,svq
204336,Miriam,LEXMANN,1,2020-02-01,,1972-12-02,sk,,EPP,Kresťanskodemokratické hnutie,,,9,7264,7vg
204335,Alviina,ALAMETSÄ,1,2020-02-01,,1992-09-29,fi,,Greens/EFA,Vihreä liitto,,,9,7263,
204334,Vincenzo,SOFO,1,2021-06-07,,1986-12-18,it,,ECR,FRATELLI D' ITALIA,,,9,7262,
204333,Salvatore,DE MEO,1,2020-02-01,,1971-10-27,it,,EPP,Forza Italia,,,9,7261,evd
204332,Barry,ANDREWS,1,2020-02-01,,1967-05-16,ie,,Renew,Fianna Fáil Party,,,9,7260,
204331,Linea,SØGAARD-LIDELL,1,2020-02-01,2022-11-14,1987-03-30,dk,,Renew,"Venstre, Danmarks Liberale Parti",,,9,7259,
202352,Antoni,COMÍN I OLIVERES,1,2019-07-02,,1971-03-07,es,,NA,Junts per Catalunya - Lliures per Europa,,,9,7258,
202351,Carles,PUIGDEMONT I CASAMAJÓ,1,2019-07-02,,,es,,NA,Junts per Catalunya - Lliures per Europa,,,9,7257,
202112,Gheorghe-Vlad,NISTOR,1,2019-12-02,,1954-07-25,ro,,EPP,Partidul Naţional Liberal,,,9,7255,
202073,Marc,ANGEL,1,2019-12-10,,1963-03-12,lu,,S&D,Parti ouvrier socialiste luxembourgeois,,,9,7254,xv4
202036,Sunčana,GLAVAK,1,2019-12-01,,1968-12-09,hr,,EPP,Hrvatska demokratska zajednica,,,9,7253,1v2
199996,Isabel,CARVALHAIS,1,2019-09-03,,1973-02-28,pt,,S&D,Partido Socialista,,,9,7252,3v1
199941,Marianne,VIND,1,2019-07-02,,1970-12-03,dk,,S&D,Socialdemokratiet,,,9,7251,5v0
198490,Emmanouil,FRAGKOS,1,2019-07-10,,1993-06-27,gr,,ECR,Elliniki Lusi-Greek Solution,,,9,7250,7uz
198329,Estrella,DURÁ FERRANDIS,1,2019-07-02,,1963-09-22,es,,S&D,Partido Socialista Obrero Español,,,9,7248,
198183,Mihai,TUDOSE,1,2019-07-02,,1967-03-06,ro,,S&D,Partidul Social Democrat,,,9,7247,htv
198176,Roman,HAIDER,1,2019-07-02,,1967-04-13,at,,ID,Freiheitliche Partei Österreichs,,,9,7246,9nj
198096,Mazaly,AGUILAR,1,2019-07-02,,1949-09-20,es,,ECR,VOX,,,9,7244,
198063,Márton,GYÖNGYÖSI,1,2019-07-02,,1977-06-08,hu,,NA,Jobbik – Konzervatívok,,,9,7243,hnf
197935,Ivan Vilibor,SINČIĆ,1,2019-07-02,,1990-08-28,hr,,NA,KLJUČ Hrvatske,,,9,7242,7t0
197894,László,TRÓCSÁNYI,1,2019-07-02,,1956-03-06,hu,,NA,Fidesz-Magyar Polgári Szövetség-Kereszténydemokrata Néppárt,,,9,7241,ntt
197889,Grace,O'SULLIVAN,1,2019-07-02,,1962-03-08,ie,,Greens/EFA,Green Party,,,9,7240,jrd
197870,Kim,VAN SPARRENTAK,1,2019-07-02,,1989-10-16,nl,,Greens/EFA,GroenLinks,,,9,7237,8tz
197869,Liesje,SCHREINEMACHER,1,2019-07-02,2022-01-09,1983-05-13,nl,,Renew,Volkspartij voor Vrijheid en Democratie,,,9,7236,
197868,Samira,RAFAELA,1,2019-07-02,,1989-02-11,nl,,Renew,Democraten 66,,,9,7235,
197863,Maria,WALSH,1,2019-07-02,,1987-06-11,ie,,EPP,Fine Gael Party,,,9,7233,nu9
197849,Andrey,SLABAKOV,1,2019-07-02,,1960-08-13,bg,,ECR,VMRO,,,9,7231,
197848,Atidzhe,ALIEVA-VELI,1,2019-07-02,,1981-09-18,bg,,Renew,Movement for Rights and Freedoms,,,9,7230,
197846,Ivo,HRISTOV,1,2019-07-02,,1970-10-08,bg,,S&D,Bulgarian Socialist Party,,,9,7229,
197845,Tsvetelina,PENKOVA,1,2019-07-02,,1988-02-19,bg,,S&D,Bulgarian Socialist Party,,,9,7228,yrp
197844,Petar,VITANOV,1,2019-07-02,,1982-04-18,bg,,S&D,Bulgarian Socialist Party,,,9,7227,
197843,Andrius,KUBILIUS,1,2019-07-02,,1956-12-08,lt,,EPP,Tėvynės sąjunga-Lietuvos krikščionys demokratai,,,9,7226,bq0
197842,Elena,YONCHEVA,1,2019-07-02,,1964-05-27,bg,,S&D,Bulgarian Socialist Party,,,9,7225,
197841,Liudas,MAŽYLIS,1,2019-07-02,,1954-05-19,lt,,EPP,Tėvynės sąjunga-Lietuvos krikščionys demokratai,,,9,7224,jqw
197840,Rasa,JUKNEVIČIENĖ,1,2019-07-02,,1958-01-26,lt,,EPP,Tėvynės sąjunga-Lietuvos krikščionys demokratai,,,9,7223,1p5
197839,Radan,KANEV,1,2019-07-02,,1975-09-30,bg,,EPP,Democrats for Strong Bulgaria,,,9,7222,ppc
197838,Juozas,OLEKAS,1,2019-07-02,,1955-10-30,lt,,S&D,Lietuvos socialdemokratų partija,,,9,7221,crg
197837,Stasys,JAKELIŪNAS,1,2019-07-02,,1958-10-02,lt,,Greens/EFA,Independent,,,9,7220,
197836,Alexander,ALEXANDROV YORDANOV,1,2019-07-02,,1952-02-13,bg,,EPP,Union of Democratic Forces,,,9,7219,
197835,Aušra,SEIBUTYTĖ,1,2019-07-02,,1958-06-04,lt,,EPP,Tėvynės sąjunga-Lietuvos krikščionys demokratai,,,9,7218,
197832,Diana,RIBA I GINER,1,2019-07-02,,1975-02-21,es,,Greens/EFA,Esquerra Republicana de Catalunya,,,9,7217,s160
197831,Hermann,TERTSCH,1,2019-07-02,,1958-04-09,es,,ECR,VOX,,,9,7216,
197829,Jorge,BUXADÉ VILLALBA,1,2019-07-02,,1975-06-16,es,,ECR,VOX,,,9,7214,dk1
197828,Manu,PINEDA,1,2019-07-02,,1965-09-02,es,,GUE/NGL,Izquierda Unida,,,9,7213,krv
197827,Idoia,VILLANUEVA RUIZ,1,2019-07-02,,1980-07-17,es,,GUE/NGL,PODEMOS,,,9,7212,
197826,Matteo,ADINOLFI,1,2019-07-02,,1963-12-24,it,,ID,Lega,,,9,7211,
197825,Raffaele,STANCANELLI,1,2019-07-02,,1950-06-30,it,,ECR,FRATELLI D' ITALIA,,,9,7210,
197824,Giuseppe,MILAZZO,1,2019-07-02,,1977-08-21,it,,ECR,FRATELLI D' ITALIA,,,9,7209,
197822,Francesca,DONATO,1,2019-07-02,,1969-08-25,it,,NA,Democrazia Cristiana,,,9,7207,
197820,Nicola,PROCACCINI,1,2019-07-02,,1976-01-21,it,,ECR,FRATELLI D' ITALIA,,,9,7205,
197819,Alexis,GEORGOULIS,1,2019-07-02,,1974-10-06,gr,,NA,Independent,,,9,7204,
197818,Billy,KELLEHER,1,2019-07-02,,1968-01-20,ie,,Renew,Fianna Fáil Party,,,9,7203,epg
197817,Mick,WALLACE,1,2019-07-02,,1955-11-09,ie,,GUE/NGL,Independents for change,,,9,7202,kub
197816,Naomi,LONG,1,2019-07-02,2020-01-31,,gb,,Renew,Alliance Party of Northern Ireland,,,9,7201,
197815,Sheila,RITCHIE,1,2019-07-02,2020-01-31,,gb,,Renew,Liberal Democrats,,,9,7200,
197814,Louis,STEDMAN-BRYCE,1,2019-07-02,2020-01-31,,gb,,NI,Independent,,,9,7199,
197813,Jake,PUGH,1,2019-07-02,2020-01-31,,gb,,NI,The Brexit Party,,,9,7198,
197812,Magid,MAGID,1,2019-07-02,2020-01-31,,gb,,Greens/EFA,Green Party,,,9,7197,
197811,Shaffaq,MOHAMMED,1,2019-07-02,2020-01-31,,gb,,Renew,Liberal Democrats,,,9,7196,
197810,Nils,UŠAKOVS,1,2019-07-02,,1976-06-08,lv,,S&D,"""Saskaņa"" sociāldemokrātiskā partija",,,9,7195,
197809,Lucy Elizabeth,HARRIS,1,2019-07-02,2020-01-31,,gb,,ECR,The Brexit Party,,,9,7194,
197808,Pietro,BARTOLO,1,2019-07-02,,1956-02-10,it,,S&D,Partito Democratico,,,9,7193,zhs
197807,John,LONGWORTH,1,2019-07-02,2020-01-31,,gb,,ECR,The Brexit Party,,,9,7192,
197806,Annalisa,TARDINO,1,2019-07-02,,1979-04-30,it,,ID,Lega,,,9,7191,
197805,Silvia,MODIG,1,2019-07-02,,1976-07-08,fi,,GUE/NGL,Vasemmistoliitto,,,9,7190,
197804,Dino,GIARRUSSO,1,2019-07-02,,1974-09-11,it,,NA,Independent,,,9,7189,
197803,Andrew,ENGLAND KERR,1,2019-07-02,2020-01-31,,gb,,NI,Independent,,,9,7188,
197802,Ville,NIINISTÖ,1,2019-07-02,,1976-07-30,fi,,Greens/EFA,Vihreä liitto,,,9,7187,prb
197801,Franco,ROBERTI,1,2019-07-02,,1947-11-16,it,,S&D,Partito Democratico,,,9,7186,
197800,Eero,HEINÄLUOMA,1,2019-07-02,,1955-07-04,fi,,S&D,Suomen Sosialidemokraattinen Puolue/Finlands Socialdemokratiska Parti,,,9,7185,xnr
197799,Valentino,GRANT,1,2019-07-02,,1964-04-21,it,,ID,Lega,,,9,7184,
197798,Lucia,VUOLO,1,2019-07-02,,1963-02-15,it,,EPP,Forza Italia,,,9,7183,su7
197797,Andrea,CAROPPO,1,2019-07-02,2022-10-12,1979-06-26,it,,EPP,Forza Italia,,,9,7182,
197796,Massimo,CASANOVA,1,2019-07-02,,1970-08-31,it,,ID,Lega,,,9,7181,
197795,Mario,FURORE,1,2019-07-02,,1988-12-25,it,,NA,Movimento 5 Stelle,,,9,7180,2mp
197794,Chiara,GEMMA,1,2019-07-02,,1968-09-20,it,,ECR,FRATELLI D' ITALIA,,,9,7179,
197792,Daniela,RONDINELLI,1,2019-07-02,,1967-08-19,it,,S&D,Partito Democratico,,,9,7177,dsf
197791,Massimiliano,SMERIGLIO,1,2019-07-02,,1966-05-08,it,,NA,Alleanza Verdi e Sinistra,,,9,7176,1t3
197790,Luisa,REGIMENTI,1,2019-07-02,2023-04-03,1958-06-05,it,,EPP,Forza Italia,,,9,7175,
197789,Simona,BALDASSARRE,1,2019-07-02,2023-04-02,1970-11-12,it,,ID,Lega,,,9,7174,
197788,Anna,BONFRISCO,1,2019-07-02,,1962-10-12,it,,ID,Lega,,,9,7172,bjk
197787,Antonio Maria,RINALDI,1,2019-07-02,,1955-02-27,it,,ID,Lega,,,9,7171,
197786,Susanna,CECCARDI,1,2019-07-02,,1987-03-19,it,,ID,Lega,,,9,7170,
197785,Eugenia,RODRÍGUEZ PALOP,1,2019-07-02,,1970-03-09,es,,GUE/NGL,PODEMOS,,,9,7169,
197784,Susana,SOLÍS PÉREZ,1,2019-07-02,,1971-12-21,es,,Renew,Ciudadanos – Partido de la Ciudadanía,,,9,7168,zt4
197783,Andris,AMERIKS,1,2019-07-02,,1961-03-05,lv,,S&D,Gods kalpot Rīgai,,,9,7167,
197782,Mohammed,CHAHIM,1,2019-07-02,,1985-04-18,nl,,S&D,Partij van de Arbeid,,,9,7166,skc
197781,Malik,AZMANI,1,2019-07-02,,1976-01-20,nl,,Renew,Volkspartij voor Vrijheid en Democratie,,,9,7165,74td
197780,Bart,GROOTHUIS,1,2020-02-01,,1981-01-01,nl,,Renew,Volkspartij voor Vrijheid en Democratie,,,9,7164,kvt
197779,José Ramón,BAUZÁ DÍAZ,1,2019-07-02,,1970-11-16,es,,Renew,Ciudadanos – Partido de la Ciudadanía,,,9,7163,
197778,Tom,BERENDSEN,1,2019-07-02,,1983-04-11,nl,,EPP,Christen Democratisch Appèl,,,9,7162,7j4
197777,Leopoldo,LÓPEZ GIL,1,2019-07-02,,1944-10-20,es,,EPP,Partido Popular,,,9,7161,
197776,Rob,ROOKEN,1,2019-07-02,,1969-10-05,nl,,ECR,Independent,,,9,7160,
197773,Bert-Jan,RUISSEN,1,2019-07-02,,1972-03-22,nl,,ECR,Staatkundig Gereformeerde Partij,,,9,7157,3sk
197772,Tineke,STRIK,1,2019-07-02,,1961-09-28,nl,,Greens/EFA,GroenLinks,,,9,7156,pt9
197771,Vladimír,BILČÍK,1,2019-07-02,,1975-05-27,sk,,EPP,Independent,,,9,7155,
197770,Martin,HOJSÍK,1,2019-07-02,,1977-01-27,sk,,Renew,Progresívne Slovensko,,,9,7154,pnv
197769,Michal,WIEZIK,1,2019-07-02,,1979-06-14,sk,,Renew,Progresívne Slovensko,,,9,7153,3uj
197767,Eugen,JURZYCA,1,2019-07-02,,1958-02-08,sk,,ECR,Sloboda a Solidarita,,,9,7151,vp8
197766,Lucia,ĎURIŠ NICHOLSONOVÁ,1,2019-07-02,,1976-11-28,sk,,Renew,Independent,,,9,7150,
197765,Peter,POLLÁK,1,2019-07-02,,1973-04-20,sk,,EPP,Obyčajní ľudia a nezávislé osobnosti,,,9,7149,8s0
197764,Miroslav,RADAČOVSKÝ,1,2019-07-02,,1953-09-24,sk,,NA,Slovak PATRIOT,,,9,7148,4s2
197763,Milan,UHRÍK,1,2019-07-02,,1984-12-21,sk,,NA,Hnutie Republika,,,9,7147,ftw
197761,Miroslav,ČÍŽ,1,2019-07-02,2022-12-29,1954-02-11,sk,,S&D,SMER-Sociálna demokracia,,,9,7145,
197760,Martin Edward,DAUBNEY,1,2019-07-02,2020-01-31,,gb,,NI,The Brexit Party,,,9,7144,
197759,Rupert,LOWE,1,2019-07-02,2020-01-31,,gb,,NI,The Brexit Party,,,9,7143,
197758,Jackie,JONES,1,2019-07-02,2020-01-31,,gb,,S&D,Labour Party,,,9,7142,
197757,James,WELLS,1,2019-07-02,2020-01-31,,gb,,NI,The Brexit Party,,,9,7141,
197756,Vera,TAX,1,2019-07-02,,1972-02-08,nl,,S&D,Partij van de Arbeid,,,9,7140,
197755,Martin,HORWOOD,1,2019-07-02,2020-01-31,,gb,,Renew,Liberal Democrats,,,9,7139,
197754,Sandra,PEREIRA,1,2019-07-02,,1977-03-18,pt,,GUE/NGL,Partido Comunista Português,,,9,7138,
197752,Christina Sheila,JORDAN,1,2019-07-02,2020-01-31,,gb,,NI,The Brexit Party,,,9,7136,
197751,James Alexander,GLANCY,1,2019-07-02,2020-01-31,,gb,,NI,The Brexit Party,,,9,7134,
197749,Caroline,VOADEN,1,2019-07-02,2020-01-31,,gb,,Renew,Liberal Democrats,,,9,7132,
197746,Álvaro,AMARO,1,2019-07-02,2023-07-06,1953-05-25,pt,,EPP,Partido Social Democrata,,,9,7129,
197744,Ann,WIDDECOMBE,1,2019-07-02,2020-01-31,,gb,,NI,The Brexit Party,,,9,7127,
197743,Petros,KOKKALIS,1,2019-07-02,,1970-02-26,gr,,Greens/EFA,KOSMOS,,,9,7126,wpr
197742,Isabel,GARCÍA MUÑOZ,1,2019-07-02,,1977-03-03,es,,S&D,Partido Socialista Obrero Español,,,9,7125,
197740,Athanasios,KONSTANTINOU,1,2019-07-02,,1959-07-18,gr,,NA,Independent,,,9,7123,
197739,Judith,BUNTING,1,2019-07-02,2020-01-31,,gb,,Renew,Liberal Democrats,,,9,7121,
197738,Lídia,PEREIRA,1,2019-07-02,,1991-07-26,pt,,EPP,Partido Social Democrata,,,9,7120,
197737,Ioannis,LAGOS,1,2019-07-02,,1972-09-07,gr,,NA,Independent,,,9,7119,
197736,Belinda,DE LUCY,1,2019-07-02,2020-01-31,,gb,,NI,The Brexit Party,,,9,7118,
197735,Adriana,MALDONADO LÓPEZ,1,2019-07-02,2023-08-16,1990-01-09,es,,S&D,Partido Socialista Obrero Español,,,9,7117,
197734,Lefteris,NIKOLAOU-ALAVANOS,1,2019-07-02,,1985-02-07,gr,,NA,Communist Party of Greece,,,9,7116,
197733,Robert,ROWLAND,1,2019-07-02,2020-01-31,,gb,,NI,The Brexit Party,,,9,7115,
197732,Manuel,PIZARRO,1,2019-07-02,2022-09-09,1964-02-02,pt,,S&D,Partido Socialista,,,9,7114,
197731,Clare,DALY,1,2019-07-02,,1968-04-11,ie,,GUE/NGL,Independents for change,,,9,7113,xks
197730,Antony,HOOK,1,2019-07-02,2020-01-31,,gb,,Renew,Liberal Democrats,,,9,7112,
197728,Mónica Silvana,GONZÁLEZ,1,2019-07-02,,1976-02-12,es,,S&D,Partido Socialista Obrero Español,,,9,7111,
197722,Nacho,SÁNCHEZ AMOR,1,2019-07-02,,1960-05-15,es,,S&D,Partido Socialista Obrero Español,,,9,7110,p7m5
197721,César,LUENA,1,2019-07-02,,1980-10-29,es,,S&D,Partido Socialista Obrero Español,,,9,7109,
197720,Frances,FITZGERALD,1,2019-07-02,,1950-08-07,ie,,EPP,Fine Gael Party,,,9,7108,
197719,Cristina,MAESTRE MARTÍN DE ALMAGRO,1,2019-07-02,,1975-07-27,es,,S&D,Partido Socialista Obrero Español,,,9,7107,5qk
197718,Nicolás,GONZÁLEZ CASARES,1,2019-07-02,,1972-07-20,es,,S&D,Partido Socialista Obrero Español,,,9,7106,4n4
197717,Ibán,GARCÍA DEL BLANCO,1,2019-07-02,,1977-02-08,es,,S&D,Partido Socialista Obrero Español,,,9,7105,
197716,Jane,BROPHY,1,2019-07-02,2020-01-31,,gb,,Renew,Liberal Democrats,,,9,7104,
197715,David,BULL,1,2019-07-02,2020-01-31,,gb,,NI,The Brexit Party,,,9,7103,
197714,Ellie,CHOWNS,1,2019-07-02,2020-01-31,,gb,,Greens/EFA,Green Party,,,9,7102,
197712,Henrik,OVERGAARD NIELSEN,1,2019-07-02,2020-01-31,,gb,,NI,The Brexit Party,,,9,7100,
197711,Dolors,MONTSERRAT,1,2019-07-02,,1973-09-18,es,,EPP,Partido Popular,,,9,7099,1r4
197710,Alexandra Louise Rosenfield,PHILLIPS,1,2019-07-02,2020-01-31,1985-07-09,gb,,Greens/EFA,Green Party,,,9,7098,
197709,Robert,ROOS,1,2019-07-02,,1966-08-02,nl,,ECR,Independent,,,9,7097,
197708,Claire,FOX,1,2019-07-02,2020-01-31,,gb,,NI,The Brexit Party,,,9,7096,
197705,John David Edward,TENNANT,1,2019-07-02,2020-01-31,,gb,,NI,The Brexit Party,,,9,7093,
197704,Brian,MONTEITH,1,2019-07-02,2020-01-31,,gb,,NI,The Brexit Party,,,9,7092,
197703,Lance,FORMAN,1,2019-07-02,2020-01-31,,gb,,ECR,The Brexit Party,,,9,7091,
197702,Lina,GÁLVEZ MUÑOZ,1,2019-07-02,,1969-09-13,es,,S&D,Partido Socialista Obrero Español,,,9,7090,0mq
197701,Konstantinos,ARVANITIS,1,2019-07-02,,1964-06-09,gr,,GUE/NGL,Coalition of the Radical Left,,,9,7089,ghh
197700,Luisa,PORRITT,1,2019-07-02,2020-01-31,,gb,,Renew,Liberal Democrats,,,9,7088,
197699,Elena,KOUNTOURA,1,2019-07-02,,1962-11-02,gr,,GUE/NGL,Coalition of the Radical Left,,,9,7087,hpx
197698,Pierre,LARROUTUROU,1,2019-07-02,,1964-10-19,fr,,S&D,Nouvelle Donne,,,9,7086,28qd
197697,Aurore,LALUCQ,1,2019-07-02,,1979-04-17,fr,,S&D,Place publique,,,9,7085,yq6
197696,Scott,AINSLIE,1,2019-07-02,2020-01-31,,gb,,Greens/EFA,Green Party,,,9,7084,
197695,Anna-Michelle,ASIMAKOPOULOU,1,2019-07-02,,1967-03-27,gr,,EPP,Nea Demokratia,,,9,7083,
197694,Raphaël,GLUCKSMANN,1,2019-07-02,,1979-10-15,fr,,S&D,Place publique,,,9,7082,8n2
197693,Dinesh,DHAMIJA,1,2019-07-02,2020-01-31,,gb,,Renew,Liberal Democrats,,,9,7081,
197692,Stelios,KYMPOUROPOULOS,1,2019-07-02,,1985-07-09,gr,,EPP,Nea Demokratia,,,9,7080,4q3
197691,Mathilde,ANDROUËT,1,2019-07-02,,1984-07-03,fr,,ID,Rassemblement national,,,9,7079,nhf
197690,André,ROUGÉ,1,2019-07-02,,1961-12-23,fr,,ID,Rassemblement national,,,9,7078,5sj
197687,Philippe,OLIVIER,1,2019-07-02,,1961-08-30,fr,,ID,Rassemblement national,,,9,7075,8rh
197686,Julie,LECHANTEUX,1,2019-07-02,2022-07-28,1977-12-22,fr,,ID,Rassemblement national,,,9,7074,
197684,Pernando,BARRENA ARZA,1,2019-07-02,2022-09-02,1965-11-01,es,,GUE/NGL,EH BILDU,,,9,7072,
197683,Gilbert,COLLARD,1,2019-07-02,,1948-02-03,fr,,NA,Divers droite,,,9,7071,
197682,Hannes,HEIDE,1,2019-07-02,,1966-10-17,at,,S&D,Sozialdemokratische Partei Österreichs,,,9,7070,znq
197681,Sira,REGO,1,2019-07-02,2023-11-20,1973-11-20,es,,GUE/NGL,Izquierda Unida,,,9,7069,
197680,Aurélia,BEIGNEUX,1,2019-07-02,,1980-06-02,fr,,ID,Rassemblement national,,,9,7068,phx
197679,Isabel,BENJUMEA BENJUMEA,1,2019-07-02,,1982-09-05,es,,EPP,Partido Popular,,,9,7067,
197678,Bettina,VOLLATH,1,2019-07-02,2022-10-09,1962-10-29,at,,S&D,Sozialdemokratische Partei Österreichs,,,9,7066,
197677,Günther,SIDL,1,2019-07-02,,1975-03-19,at,,S&D,Sozialdemokratische Partei Österreichs,,,9,7065,csy
197675,Sarah,WIENER,1,2019-07-02,,1962-08-27,at,,Greens/EFA,Die Grünen - Die Grüne Alternative,,,9,7064,
197672,Eugen,TOMAC,1,2019-07-02,,1981-06-27,ro,,EPP,Partidul Mișcarea Populară,,,9,7061,wtp
197671,Traian,BĂSESCU,1,2019-07-02,,1951-11-04,ro,,EPP,Partidul Mișcarea Populară,,,9,7060,
197670,Andreas,SCHIEDER,1,2019-07-02,,1969-04-16,at,,S&D,Sozialdemokratische Partei Österreichs,,,9,7059,pst
197668,Vlad-Marius,BOTOŞ,1,2019-07-02,,1986-06-15,ro,,Renew,Uniunea Salvați România,,,9,7057,2jq
197667,Barbara,THALER,1,2019-07-02,,1982-02-16,at,,EPP,Österreichische Volkspartei,,,9,7056,
197665,Dragoş,TUDORACHE,1,2019-07-02,,1975-01-14,ro,,Renew,Reînnoim Proiectul European al României,,,9,7054,
197664,Clotilde,ARMAND,1,2019-07-02,2020-11-03,1973-06-28,ro,,Renew,Uniunea Salvați România,,,9,7053,
197663,Dragoş,PÎSLARU,1,2019-07-02,,1976-03-23,ro,,Renew,Reînnoim Proiectul European al României,,,9,7052,dry
197662,Vangelis,MEIMARAKIS,1,2019-07-02,,1953-12-14,gr,,EPP,Nea Demokratia,,,9,7051,gqx
197661,Cristian,GHINEA,1,2019-07-02,2020-12-22,1977-07-20,ro,,Renew,USR-PLUS,,,9,7050,
197658,Adrian-Dragoş,BENEA,1,2019-07-02,,1975-12-18,ro,,S&D,Partidul Social Democrat,,,9,7047,
197657,Tudor,CIUHODARU,1,2019-07-02,,1969-01-16,ro,,NA,Alianța pentru Unirea Românilor,,,9,7046,
197656,Simone,SCHMIEDTBAUER,1,2019-07-02,2023-10-16,1974-06-08,at,,EPP,Österreichische Volkspartei,,,9,7045,
197655,Cristian,TERHEŞ,1,2019-07-02,,1978-12-04,ro,,ECR,Partidului Național Conservator Român (PNCR),,,9,7044,
197654,Ciarán,CUFFE,1,2019-07-02,,1963-04-03,ie,,Greens/EFA,Green Party,,,9,7043,1kq
197653,Claudiu,MANDA,1,2019-07-02,,1975-12-20,ro,,S&D,Partidul Social Democrat,,,9,7042,1qn
197652,Angelika,WINZIG,1,2019-07-02,,1963-05-09,at,,EPP,Österreichische Volkspartei,,,9,7041,1uk
197651,Carmen,AVRAM,1,2019-07-02,,1966-05-08,ro,,S&D,Partidul Social Democrat,,,9,7040,
197650,Isabel,SANTOS,1,2019-07-02,,1968-02-12,pt,,S&D,Partido Socialista,,,9,7039,
197649,Gheorghe,FALCĂ,1,2019-07-02,,1967-01-22,ro,,EPP,Partidul Naţional Liberal,,,9,7038,vm9
197648,Alexander,BERNHUBER,1,2019-07-02,,1992-05-18,at,,EPP,Österreichische Volkspartei,,,9,7037,1j7
197647,Dan-Ştefan,MOTREANU,1,2019-07-02,,1970-09-11,ro,,EPP,Partidul Naţional Liberal,,,9,7036,xr6
197646,Mircea-Gheorghe,HAVA,1,2019-07-02,,1956-12-26,ro,,EPP,Partidul Naţional Liberal,,,9,7035,3nn
197645,Francisco,GUERREIRO,1,2019-07-02,,1984-09-12,pt,,Greens/EFA,Independente,,,9,7034,
197644,Christian,ALLARD,1,2019-07-02,2020-01-31,,gb,,Greens/EFA,Scottish National Party,,,9,7033,
197643,Karoline,EDTSTADLER,1,2019-07-02,2020-01-06,,at,,EPP,Österreichische Volkspartei,,,9,7032,
197642,Ben,HABIB,1,2019-07-02,2020-01-31,,gb,,NI,The Brexit Party,,,9,7031,
197641,Sara,CERDAS,1,2019-07-02,,1989-03-23,pt,,S&D,Partido Socialista,,,9,7030,
197638,Margarida,MARQUES,1,2019-07-02,,1954-02-03,pt,,S&D,Partido Socialista,,,9,7027,
197637,Vasile,BLAGA,1,2019-07-02,,1956-07-26,ro,,EPP,Partidul Naţional Liberal,,,9,7026,pje
197636,Ioan-Rareş,BOGDAN,1,2019-07-02,,1974-09-17,ro,,EPP,Partidul Naţional Liberal,,,9,7025,djj
197635,Maria-Manuel,LEITÃO-MARQUES,1,2019-07-02,,1952-08-23,pt,,S&D,Partido Socialista,,,9,7024,
197634,Pedro,MARQUES,1,2019-07-02,,1976-08-01,pt,,S&D,Partido Socialista,,,9,7023,
197632,Claudia,GAMON,1,2019-07-02,,1988-12-23,at,,Renew,NEOS – Das Neue Österreich,,,9,7022,
197631,Dacian,CIOLOŞ,1,2019-07-02,,1969-07-27,ro,,Renew,Reînnoim Proiectul European al României,,,9,7021,hkg
197629,Maxette,PIRBAKAS,1,2019-07-02,,1975-04-14,fr,,NA,Indépendant,,,9,7020,hrw
197628,Jean-Paul,GARRAUD,1,2019-07-02,,1956-02-27,fr,,ID,Rassemblement national,,,9,7018,qmv
197627,Virginie,JORON,1,2019-07-02,,1973-12-11,fr,,ID,Rassemblement national,,,9,7017,3p4
197626,Hervé,JUVIN,1,2019-07-02,,1956-01-29,fr,,NA,Indépendant,,,9,7016,
197625,Irina,VON WIESE,1,2019-07-02,2020-01-31,,gb,,Renew,Liberal Democrats,,,9,7015,
197624,Ivars,IJABS,1,2019-07-02,,1972-11-17,lv,,Renew,Attīstībai/Par!,,,9,7014,enz
197623,Thierry,MARIANI,1,2019-07-02,,1958-08-08,fr,,ID,Rassemblement national,,,9,7013,zqp
197621,Juan Ignacio,ZOIDO ÁLVAREZ,1,2019-07-02,,1957-01-21,es,,EPP,Partido Popular,,,9,7012,guv
197620,Matthew,PATTEN,1,2019-07-02,2020-01-31,,gb,,NI,The Brexit Party,,,9,7011,
197619,Sabrina,PIGNEDOLI,1,2019-07-02,,1983-10-24,it,,NA,Movimento 5 Stelle,,,9,7010,nru
197618,Elisabetta,GUALMINI,1,2019-07-02,,1968-05-17,it,,S&D,Partito Democratico,,,9,7009,snb
197617,Carlo,CALENDA,1,2019-07-02,2022-10-12,1973-04-09,it,,Renew,Azione,,,9,7008,
197616,Rosanna,CONTE,1,2019-07-02,,1968-04-17,it,,ID,Lega,,,9,7007,
197615,Jérôme,RIVIÈRE,1,2019-07-02,,1964-07-08,fr,,NA,Indépendant,,,9,7006,
197614,Marco,DREOSTO,1,2019-07-02,2022-10-12,1969-03-18,it,,ID,Lega,,,9,7005,
197613,Gina,DOWDING,1,2019-07-02,2020-01-31,,gb,,Greens/EFA,Green Party,,,9,7004,
197612,Annunziata Mary,REES-MOGG,1,2019-07-02,2020-01-31,,gb,,ECR,The Brexit Party,,,9,7003,
197611,Elena,LIZZI,1,2019-07-02,,1967-10-30,it,,ID,Lega,,,9,7002,
197610,Alessandra,BASSO,1,2019-07-02,,1967-03-14,it,,ID,Lega,,,9,7001,
197608,Gianantonio,DA RE,1,2019-07-02,,1953-09-06,it,,ID,Lega,,,9,6999,
197607,Pietro,FIOCCHI,1,2019-07-02,,1964-05-22,it,,ECR,FRATELLI D' ITALIA,,,9,6998,
197606,Javier,ZARZALEJOS,1,2019-07-02,,1960-06-06,es,,EPP,Partido Popular,,,9,6997,
197604,Lucy,NETHSINGHA,1,2019-07-02,2020-01-31,,gb,,Renew,Liberal Democrats,,,9,6996,
197603,June Alison,MUMMERY,1,2019-07-02,2020-01-31,,gb,,NI,The Brexit Party,,,9,6995,
197602,Catherine,ROWETT,1,2019-07-02,2020-01-31,,gb,,Greens/EFA,Green Party,,,9,6994,
197601,Michael,HEAVER,1,2019-07-02,2020-01-31,,gb,,NI,The Brexit Party,,,9,6993,
197600,Barbara Ann,GIBSON,1,2019-07-02,2020-01-31,,gb,,Renew,Liberal Democrats,,,9,6992,
197599,Richard,TICE,1,2019-07-02,2020-01-31,,gb,,NI,The Brexit Party,,,9,6991,
197597,Hélène,LAPORTE,1,2019-07-02,2022-07-28,1978-12-29,fr,,ID,Rassemblement national,,,9,6990,
197596,Teuvo,HAKKARAINEN,1,2019-07-02,,1960-04-12,fi,,ECR,Perussuomalaiset,,,9,6989,
197595,Anna Júlia,DONÁTH,1,2019-07-02,,1987-04-06,hu,,Renew,Momentum,,,9,6987,9m2
197594,Laura,HUHTASAARI,1,2019-07-02,2023-04-11,1979-03-30,fi,,NI,Perussuomalaiset,,,9,6986,
197593,Véronique,TRILLET-LENOIR,1,2019-07-02,2023-08-09,1957-06-12,fr,,Renew,Liste Renaissance,,,9,6985,
197592,Pierfrancesco,MAJORINO,1,2019-07-02,2023-04-04,1973-05-14,it,,S&D,Partito Democratico,,,9,6984,
197591,Irene,TINAGLI,1,2019-07-02,,1974-04-16,it,,S&D,Partito Democratico,,,9,6983,4tj
197590,Giuliano,PISAPIA,1,2019-07-02,,1949-05-20,it,,S&D,Independent,,,9,6982,
197589,Laurence,FARRENG,1,2019-07-02,,1966-09-06,fr,,Renew,Mouvement Démocrate,,,9,6980,tmb
197588,Katalin,CSEH,1,2019-07-02,,1988-06-29,hu,,Renew,Momentum,,,9,6978,3kp
197587,Attila,ARA-KOVÁCS,1,2019-07-02,,1953-01-14,hu,,S&D,Demokratikus Koalíció,,,9,6977,
197586,Stefania,ZAMBELLI,1,2019-07-02,,1971-04-06,it,,EPP,Forza Italia,,,9,6976,pus
197585,Pierre,KARLESKIND,1,2019-07-02,,1979-10-19,fr,,Renew,La République en marche,,,9,6975,jpe
197584,Sándor,RÓNAI,1,2019-07-02,,1988-11-22,hu,,S&D,Demokratikus Koalíció,,,9,6974,hsd
197582,Gianna,GANCIA,1,2019-07-02,,1972-12-31,it,,ID,Lega,,,9,6972,
197581,Stéphanie,YON-COURTIN,1,2019-07-02,,1974-03-28,fr,,Renew,Liste Renaissance,,,9,6971,tuq
197580,Isabella,TOVAGLIERI,1,2019-07-02,,1987-06-25,it,,ID,Lega,,,9,6970,
197579,Klára,DOBREV,1,2019-07-02,,1972-02-02,hu,,S&D,Demokratikus Koalíció,,,9,6969,em0
197578,Silvia,SARDONE,1,2019-07-02,,1982-12-25,it,,ID,Lega,,,9,6968,
197577,Gilles,BOYER,1,2019-07-02,,1971-07-04,fr,,Renew,Horizons,,,9,6967,0jr
197576,Sylvie,BRUNET,1,2019-07-02,,1959-03-12,fr,,Renew,Mouvement Démocrate,,,9,6966,njx
197574,Damien,CARÊME,1,2019-07-02,,1960-11-16,fr,,Greens/EFA,Europe Écologie,,,9,6964,6k4
197573,Kira Marie,PETER-HANSEN,1,2019-07-02,,1998-02-23,dk,,Greens/EFA,Socialistisk Folkeparti,,,9,6963,qrt
197572,Anna,ZALEWSKA,1,2019-07-02,,1965-07-06,pl,,ECR,Prawo i Sprawiedliwość,,,9,6962,rur
197571,Nikolaj,VILLUMSEN,1,2019-07-02,,1983-02-28,dk,,GUE/NGL,Enhedslisten,,,9,6961,
197570,Peter,KOFOD,1,2019-07-02,2022-11-14,1990-02-27,dk,,ID,Dansk Folkeparti,,,9,6960,
197567,Karen,MELCHIOR,1,2019-07-02,,1980-10-15,dk,,Renew,Independent,,,9,6957,
197566,Witold Jan,WASZCZYKOWSKI,1,2019-07-02,,1957-05-05,pl,,ECR,Prawo i Sprawiedliwość,,,9,6956,
197564,Hynek,BLAŠKO,1,2019-07-02,,1955-07-15,cz,,NA,Aliance národních sil,,,9,6954,mjf
197563,Mauri,PEKKARINEN,1,2019-07-02,,1947-10-06,fi,,Renew,Suomen Keskusta,,,9,6953,
197559,Grzegorz,TOBISZOWSKI,1,2019-07-02,,1965-11-01,pl,,ECR,Prawo i Sprawiedliwość,,,9,6952,
197558,Asger,CHRISTENSEN,1,2019-07-02,,1958-01-08,dk,,Renew,"Venstre, Danmarks Liberale Parti",,,9,6951,nke
197557,Christophe,GRUDLER,1,2019-07-02,,1965-04-09,fr,,Renew,Mouvement Démocrate,,,9,6950,wn8
197556,Ivan,DAVID,1,2019-07-02,,1952-09-24,cz,,ID,Svoboda a přímá demokracie,,,9,6949,tku
197555,Søren,GADE,1,2019-07-02,2022-11-14,1963-01-27,dk,,Renew,"Venstre, Danmarks Liberale Parti",,,9,6948,
197554,Luis,GARICANO,1,2019-07-02,2022-09-01,1967-04-10,es,,Renew,Ciudadanos – Partido de la Ciudadanía,,,9,6947,
197553,Beata,SZYDŁO,1,2019-07-02,,1963-04-15,pl,,ECR,Prawo i Sprawiedliwość,,,9,6946,jtc
197552,Veronika,VRECIONOVÁ,1,2019-07-02,,1965-09-08,cz,,ECR,Občanská demokratická strana,,,9,6945,qu8
197551,Stéphane,BIJOUX,1,2019-07-02,,1970-10-08,fr,,Renew,La République en marche,,,9,6944,xj9
197550,Sylwia,SPUREK,1,2019-07-02,,1976-01-29,pl,,Greens/EFA,Independent,,,9,6943,
197549,Markéta,GREGOROVÁ,1,2019-07-02,,1993-01-14,cz,,Greens/EFA,PIRÁTI,,,9,6942,0n6
197548,Radosław,SIKORSKI,1,2019-07-02,2023-12-12,1963-02-23,pl,,EPP,Platforma Obywatelska,,,9,6941,
197547,Irène,TOLLERET,1,2019-07-02,,1967-08-17,fr,,Renew,Liste Renaissance,,,9,6940,ytn
197546,Marcel,KOLAJA,1,2019-07-02,,1980-06-29,cz,,Greens/EFA,PIRÁTI,,,9,6939,ypq
197545,Bogdan,RZOŃCA,1,2019-07-02,,1961-02-01,pl,,ECR,Prawo i Sprawiedliwość,,,9,6938,zsn
197544,Elżbieta,RAFALSKA,1,2019-07-02,,1955-06-22,pl,,ECR,Prawo i Sprawiedliwość,,,9,6937,0s4
197543,Bernard,GUETTA,1,2019-07-02,,1951-01-28,fr,,Renew,Liste Renaissance,,,9,6936,nnd
197542,Janina,OCHOJSKA,1,2019-07-02,,1955-03-12,pl,,EPP,Independent,,,9,6935,
197541,Andżelika Anna,MOŻDŻANOWSKA,1,2019-07-02,,1975-03-20,pl,,ECR,Prawo i Sprawiedliwość,,,9,6934,
197540,Leszek,MILLER,1,2019-07-02,,1946-07-03,pl,,S&D,Independent,,,9,6933,
197539,Mikuláš,PEKSA,1,2019-07-02,,1986-06-18,cz,,Greens/EFA,PIRÁTI,,,9,6932,0rn
197538,Beata,MAZUREK,1,2019-07-02,,1967-10-19,pl,,ECR,Prawo i Sprawiedliwość,,,9,6931,
197537,Alexandr,VONDRA,1,2019-07-02,,1961-08-17,cz,,ECR,Občanská demokratická strana,,,9,6930,uu6
197536,Nathalie,COLIN-OESTERLÉ,1,2019-07-02,,1965-05-05,fr,,EPP,Les centristes,,,9,6929,ckj
197535,Agnès,EVREN,1,2019-07-02,2023-09-23,1970-12-27,fr,,EPP,Les Républicains,,,9,6928,
197534,François-Xavier,BELLAMY,1,2019-07-02,,1985-10-11,fr,,EPP,Les Républicains,,,9,6927,jhz
197533,Manon,AUBRY,1,2019-07-02,,1989-12-22,fr,,GUE/NGL,La France Insoumise,,,9,6926,chk
197532,Elżbieta,KRUK,1,2019-07-02,,1959-11-19,pl,,ECR,Prawo i Sprawiedliwość,,,9,6925,
197531,Gwendoline,DELBOS-CORFIELD,1,2019-07-02,,1977-03-08,fr,,Greens/EFA,Europe Écologie,,,9,6924,pkw
197530,Joanna,KOPCIŃSKA,1,2019-07-02,,1967-01-02,pl,,ECR,Prawo i Sprawiedliwość,,,9,6923,
197529,Leila,CHAIBI,1,2019-07-02,,1982-10-05,fr,,GUE/NGL,La France Insoumise,,,9,6922,ukb
197528,Ondřej,KNOTEK,1,2019-07-02,,1984-08-31,cz,,Renew,ANO 2011,,,9,6921,4pm
197527,Anne-Sophie,PELLETIER,1,2019-07-02,,1976-02-05,fr,,GUE/NGL,La France Insoumise,,,9,6920,
197526,Martin,HLAVÁČEK,1,2019-07-02,,1980-01-14,cz,,Renew,ANO 2011,,,9,6919,rnu
197525,Ewa,KOPACZ,1,2019-07-02,,1956-12-03,pl,,EPP,Platforma Obywatelska,,,9,6918,qpu
197523,Łukasz,KOHUT,1,2019-07-02,,1982-09-10,pl,,S&D,Nowa Lewica,,,9,6916,z6yv
197522,Radka,MAXOVÁ,1,2019-07-02,,1968-12-02,cz,,S&D,Independent,,,9,6915,
197521,Manuel,BOMPARD,1,2019-07-02,2022-07-28,1986-03-30,fr,,GUE/NGL,La France Insoumise,,,9,6914,
197520,Izabela-Helena,KLOC,1,2019-07-02,,1963-05-08,pl,,ECR,Prawo i Sprawiedliwość,,,9,6913,
197519,Beata,KEMPA,1,2019-07-02,,1966-02-11,pl,,ECR,Sovereign Poland,,,9,6912,bph
197518,Krzysztof,JURGIEL,1,2019-07-02,,1953-11-18,pl,,ECR,Prawo i Sprawiedliwość,,,9,6911,
197517,Adam,JARUBAS,1,2019-07-02,,1974-12-17,pl,,EPP,Polskie Stronnictwo Ludowe,,,9,6910,5p3
197516,Patryk,JAKI,1,2019-07-02,,1985-05-11,pl,,ECR,Solidarna Polska Zbigniewa Ziobro,,,9,6909,7p2
197515,Pernille,WEISS,1,2019-07-02,,1968-03-12,dk,,EPP,Det Konservative Folkeparti,,,9,6908,
197514,Andrzej,HALICKI,1,2019-07-02,,1961-11-26,pl,,EPP,Platforma Obywatelska,,,9,6907,7nk
197513,Tomasz,FRANKOWSKI,1,2019-07-02,,1974-08-16,pl,,EPP,Platforma Obywatelska,,,9,6906,dmh
197512,Benoît,BITEAU,1,2019-07-02,,1967-04-07,fr,,Greens/EFA,Europe Écologie,,,9,6905,rjd
197511,Salima,YENBOU,1,2019-07-02,,1971-03-14,fr,,Renew,Renaissance,,,9,6904,xun
197510,Jarosław,DUDA,1,2019-07-02,,1964-04-29,pl,,EPP,Platforma Obywatelska,,,9,6903,5m4
197508,Stéphane,SÉJOURNÉ,1,2019-07-02,2024-01-11,1985-03-26,fr,,Renew,La République en marche,,,9,6902,p16j
197507,Włodzimierz,CIMOSZEWICZ,1,2019-07-02,,1950-09-13,pl,,S&D,Sojusz Lewicy Demokratycznej - Unia Pracy,,,9,6901,j73g
197506,Caroline,ROOSE,1,2019-07-02,,1968-11-10,fr,,Greens/EFA,Europe Écologie,,,9,6900,54sx
197505,Catherine,CHABAUD,1,2019-07-02,,1962-11-29,fr,,Renew,Mouvement Démocrate,,,9,6899,wk9
197504,Jérémy,DECERLE,1,2019-07-02,,1984-07-01,fr,,Renew,Liste L'Europe Ensemble,,,9,6898,rkv
197503,David,CORMAND,1,2019-07-02,,1974-11-30,fr,,Greens/EFA,Europe Écologie,,,9,6897,5kn
197502,Marie-Pierre,VEDRENNE,1,2019-07-02,,1982-12-13,fr,,Renew,Mouvement Démocrate,,,9,6896,6u0
197501,Joachim Stanisław,BRUDZIŃSKI,1,2019-07-02,,1968-02-04,pl,,ECR,Prawo i Sprawiedliwość,,,9,6895,
197500,Mounir,SATOURI,1,2019-07-02,,1975-05-25,fr,,Greens/EFA,Europe Écologie,,,9,6893,rss
197499,Chrysoula,ZACHAROPOULOU,1,2019-07-02,2022-05-19,1976-05-07,fr,,Renew,La République en marche,,,9,6892,
197498,Robert,BIEDROŃ,1,2019-07-02,,1976-04-13,pl,,S&D,Nowa Lewica,,,9,6891,
197497,Sven,MIKSER,1,2019-07-02,,1973-11-08,ee,,S&D,Sotsiaaldemokraatlik Erakond,,,9,6890,9r0
197496,Marek,BELKA,1,2019-07-02,,1952-01-09,pl,,S&D,Nowa Lewica,,,9,6889,mhy
197495,Marek Paweł,BALT,1,2019-07-02,,1973-04-08,pl,,S&D,Nowa Lewica,,,9,6888,
197494,Nathalie,LOISEAU,1,2019-07-02,,1964-06-01,fr,,Renew,Liste Renaissance,,,9,6887,hqe
197493,Jaak,MADISON,1,2019-07-02,,1991-04-22,ee,,ID,Eesti Konservatiivne Rahvaerakond,,,9,6886,7qj
197492,Bartosz,ARŁUKOWICZ,1,2019-07-02,2023-10-18,1971-12-30,pl,,EPP,Platforma Obywatelska,,,9,6885,
197491,Marina,KALJURAND,1,2019-07-02,,1962-09-06,ee,,S&D,Sotsiaaldemokraatlik Erakond,,,9,6884,rpb
197490,Magdalena,ADAMOWICZ,1,2019-07-02,,1973-04-10,pl,,EPP,Independent,,,9,6883,6h5
197489,Bernhard,ZIMNIOK,1,2019-07-02,,1953-06-21,de,,ID,Alternative für Deutschland,,,9,6882,
197488,Guido,REIL,1,2019-07-02,,1970-01-19,de,,ID,Alternative für Deutschland,,,9,6881,
197483,Sylvia,LIMMER,1,2019-07-02,,1966-02-08,de,,ID,Alternative für Deutschland,,,9,6880,
197482,Joachim,KUHS,1,2019-07-02,,1956-06-25,de,,ID,Alternative für Deutschland,,,9,6879,
197481,Maximilian,KRAH,1,2019-07-02,,1977-01-28,de,,ID,Alternative für Deutschland,,,9,6878,fpy
197480,Nicolaus,FEST,1,2019-07-02,,1962-07-01,de,,ID,Alternative für Deutschland,,,9,6877,
197478,Lars Patrick,BERG,1,2019-07-02,,1966-01-22,de,,ECR,Bündnis Deutschland,,,9,6875,z4xf
197475,Christine,ANDERSON,1,2019-07-02,,1968-07-29,de,,ID,Alternative für Deutschland,,,9,6872,shd
197473,Christian,DOLESCHAL,1,2019-07-02,,1988-04-27,de,,EPP,Christlich-Soziale Union in Bayern e.V.,,,9,6870,
197472,Filip,DE MAN,1,2019-07-02,,1955-11-11,be,,ID,Vlaams Belang,,,9,6869,mkx
197471,Petra,DE SUTTER,1,2019-07-02,2020-09-30,1963-06-10,be,,Greens/EFA,Groen,,,9,6868,
197470,Saskia,BRICMONT,1,2019-07-02,,1985-03-16,be,,Greens/EFA,Ecologistes Confédérés pour l'Organisation de Luttes Originales,,,9,6867,uju
197469,Assita,KANKO,1,2019-07-02,,1980-07-14,be,,ECR,Nieuw-Vlaamse Alliantie,,,9,6866,mpd
197468,Özlem,DEMIREL,1,2019-07-02,,1984-03-10,de,,GUE/NGL,DIE LINKE.,,,9,6865,51t0
197467,Geert,BOURGEOIS,1,2019-07-02,,1951-07-06,be,,ECR,Nieuw-Vlaamse Alliantie,,,9,6864,4jp
197466,Jutta,PAULUS,1,2019-07-02,,1967-05-09,de,,Greens/EFA,Bündnis 90/Die Grünen,,,9,6863,45-66
197465,Niklas,NIENASS,1,2019-07-02,,1992-04-14,de,,Greens/EFA,Bündnis 90/Die Grünen,,,9,6862,u56c
197464,Hannah,NEUMANN,1,2019-07-02,,1984-04-03,de,,Greens/EFA,Bündnis 90/Die Grünen,,,9,6861,d562
197463,Olivier,CHASTEL,1,2019-07-02,,1964-11-22,be,,Renew,Mouvement Réformateur,,,9,6860,qkd
197462,Erik,MARQUARDT,1,2019-07-02,,1987-10-20,de,,Greens/EFA,Bündnis 90/Die Grünen,,,9,6859,65-65
197461,Katrin,LANGENSIEPEN,1,2019-07-02,,1979-10-10,de,,Greens/EFA,Bündnis 90/Die Grünen,,,9,6858,85-64
197460,Sergey,LAGODINSKY,1,2019-07-02,,1975-12-01,de,,Greens/EFA,Bündnis 90/Die Grünen,,,9,6857,k55z
197459,Pierrette,HERZBERGER-FOFANA,1,2019-07-02,,1949-03-20,de,,Greens/EFA,Bündnis 90/Die Grünen,,,9,6856,
197458,Benoît,LUTGEN,1,2019-07-02,,1970-03-10,be,,EPP,Les Engagés,,,9,6855,
197457,Henrike,HAHN,1,2019-07-02,,1970-09-04,de,,Greens/EFA,Bündnis 90/Die Grünen,,,9,6854,
197455,Cindy,FRANSSEN,1,2019-07-02,,1976-01-30,be,,EPP,Christen-Democratisch & Vlaams,,,9,6852,
197453,Anna,DEPARNAY-GRUNENBERG,1,2019-07-02,,1976-06-05,de,,Greens/EFA,Bündnis 90/Die Grünen,,,9,6850,n56f
197452,Klemen,GROŠELJ,1,2019-07-02,,1976-03-08,si,,Renew,Gibanje Svoboda,,,9,6849,un9
197451,Viola,VON CRAMON-TAUBADEL,1,2019-07-02,,1970-03-23,de,,Greens/EFA,Bündnis 90/Die Grünen,,,9,6848,s56d
197449,Michael,BLOSS,1,2019-07-02,,1986-11-06,de,,Greens/EFA,Bündnis 90/Die Grünen,,,9,6846,f561
197448,Rasmus,ANDRESEN,1,2019-07-02,,1986-02-20,de,,Greens/EFA,Bündnis 90/Die Grünen,,,9,6845,qhe
197447,Irena,JOVEVA,1,2019-07-02,,1989-02-26,si,,Renew,Gibanje Svoboda,,,9,6844,zp6
197446,Milan,BRGLEZ,1,2019-07-02,,1967-09-01,si,,S&D,Socialni demokrati,,,9,6843,wjt
197445,Moritz,KÖRNER,1,2019-07-02,,1990-08-03,de,,Renew,Freie Demokratische Partei,,,9,6842,s4y1
197444,Svenja,HAHN,1,2019-07-02,,1989-07-25,de,,Renew,Freie Demokratische Partei,,,9,6841,w4xz
197443,Andreas,GLÜCK,1,2019-07-02,,1975-03-08,de,,Renew,Freie Demokratische Partei,,,9,6840,u4y0
197441,Predrag Fred,MATIĆ,1,2019-07-02,,1962-06-02,hr,,S&D,Socijaldemokratska partija Hrvatske,,,9,6839,rqt
197440,Delara,BURKHARDT,1,2019-07-02,,1992-11-03,de,,S&D,Sozialdemokratische Partei Deutschlands,,,9,6838,v4v1
197439,Damian,BOESELAGER,1,2019-07-02,,1988-03-08,de,,Greens/EFA,Volt,,,9,6837,j4wp
197438,Mislav,KOLAKUŠIĆ,1,2019-07-02,,1969-09-15,hr,,NA,-,,,9,6836,ups
197437,Nicola,BEER,1,2019-07-02,2023-12-31,1970-01-23,de,,Renew,Freie Demokratische Partei,,,9,6835,
197436,Helmut,GEUKING,1,2019-07-02,2024-02-04,1964-01-16,de,,EPP,Familien-Partei Deutschlands,,,9,6834,32dq
197435,Gabriele,BISCHOFF,1,2019-07-02,,1961-01-04,de,,S&D,Sozialdemokratische Partei Deutschlands,,,9,6833,z4uz
197434,Martin,BUSCHMANN,1,2019-07-02,,1970-04-17,de,,NA,Independent,,,9,6832,
197433,Katarina,BARLEY,1,2019-07-02,,1968-11-19,de,,S&D,Sozialdemokratische Partei Deutschlands,,,9,6831,c4ut
197432,Jan-Christoph,OETJEN,1,2019-07-02,,1978-02-21,de,,Renew,Freie Demokratische Partei,,,9,6830,q4y2
197431,Patrick,BREYER,1,2019-07-02,,1977-04-29,de,,Greens/EFA,Piratenpartei Deutschland,,,9,6829,
197430,Engin,EROGLU,1,2019-07-02,,1982-02-12,de,,Renew,Freie Wähler,,,9,6828,64xu
197429,Marion,WALSMANN,1,2019-07-02,,1963-03-17,de,,EPP,Christlich Demokratische Union Deutschlands,,,9,6827,huc
197428,Nicolas,SCHMIT,1,2019-07-02,2019-11-30,,lu,,S&D,Parti ouvrier socialiste luxembourgeois,,,9,6826,
197427,Marlene,MORTLER,1,2019-07-02,,1955-10-16,de,,EPP,Christlich-Soziale Union in Bayern e.V.,,,9,6825,
197426,Sven,SIMON,1,2019-07-02,,1978-10-09,de,,EPP,Christlich Demokratische Union Deutschlands,,,9,6824,9sz
197425,Ralf,SEEKATZ,1,2019-07-02,,1972-11-10,de,,EPP,Christlich Demokratische Union Deutschlands,,,9,6823,jsv
197423,Nico,SEMSROTT,1,2019-07-02,,1986-03-11,de,,Greens/EFA,Independent,,,9,6822,
197422,Christine,SCHNEIDER,1,2019-07-02,,1972-06-05,de,,EPP,Christlich Demokratische Union Deutschlands,,,9,6821,msu
197421,Isabel,WISELER-LIMA,1,2019-07-02,,1961-12-29,lu,,EPP,Parti chrétien social luxembourgeois,,,9,6820,
197420,Kris,PEETERS,1,2019-07-02,2021-01-11,1962-05-18,be,,EPP,Christen-Democratisch & Vlaams,,,9,6819,
197419,Valter,FLEGO,1,2019-07-02,,1972-08-15,hr,,Renew,Istarski demokratski sabor - Dieta democratica istriana,,,9,6818,jmf
197418,Monica,SEMEDO,1,2019-07-02,,1984-06-15,lu,,Renew,Fokus,,,9,6817,
197417,Tomislav,SOKOL,1,2019-07-02,,1982-09-20,hr,,EPP,Hrvatska demokratska zajednica,,,9,6816,xt5
197416,Giorgos,GEORGIOU,1,2019-07-02,,1963-04-09,cy,,GUE/NGL,Progressive Party of Working People - Left - New Forces,,,9,6815,hmy
197415,Niyazi,KIZILYÜREK,1,2019-07-02,,1959-12-07,cy,,GUE/NGL,Progressive Party of Working People - Left - New Forces,,,9,6814,8pj
197414,Loucas,FOURLAS,1,2019-07-02,,1969-08-21,cy,,EPP,Democratic Rally,,,9,6813,v24y
197413,Karlo,RESSLER,1,2019-07-02,,1989-12-26,hr,,EPP,Hrvatska demokratska zajednica,,,9,6812,ws6
197412,Niclas,HERBST,1,2019-07-02,,1973-02-28,de,,EPP,Christlich Demokratische Union Deutschlands,,,9,6811,vns
197410,Stefan,BERGER,1,2019-07-02,,1969-09-15,de,,EPP,Christlich Demokratische Union Deutschlands,,,9,6809,64ud
197408,Hildegard,BENTELE,1,2019-07-02,,1976-05-22,de,,EPP,Christlich Demokratische Union Deutschlands,,,9,6807,cj2
197406,Arba,KOKALARI,1,2019-07-02,,1986-11-27,se,,EPP,Moderaterna,,,9,6805,0pp
197405,Jörgen,WARBORN,1,2019-07-02,,1969-01-23,se,,EPP,Moderaterna,,,9,6804,fud
197404,Jessica,POLFJÄRD,1,2019-07-02,,1971-05-27,se,,EPP,Moderaterna,,,9,6803,brz
197403,Alex,AGIUS SALIBA,1,2019-07-02,,1988-01-31,mt,,S&D,Partit Laburista,,,9,6802,4h6
197402,Tomas,TOBÉ,1,2019-07-02,,1978-02-16,se,,EPP,Moderaterna,,,9,6801,2tk
197401,Karin,KARLSBRO,1,2019-07-02,,1970-09-23,se,,Renew,Liberalerna,,,9,6800,gpf
197400,Abir,AL-SAHLANI,1,2019-07-02,,1976-05-18,se,,Renew,Centerpartiet,,,9,6799,
197399,Jessica,STEGRUD,1,2019-07-02,2022-09-25,1970-09-27,se,,ECR,Sverigedemokraterna,,,9,6798,
197398,Pär,HOLMGREN,1,2019-07-02,,1964-10-24,se,,Greens/EFA,Miljöpartiet de gröna,,,9,6797,mnw
197396,Erik,BERGKVIST,1,2019-07-02,2024-02-20,1965-05-01,se,,S&D,Arbetarepartiet- Socialdemokraterna,,,9,6796,
197395,Alice,KUHNKE,1,2019-07-02,,1971-12-21,se,,Greens/EFA,Miljöpartiet de gröna,,,9,6795,p1mc
197394,Josianne,CUTAJAR,1,2019-07-02,,1989-12-27,mt,,S&D,Partit Laburista,,,9,6794,
197393,David,LEGA,1,2019-07-02,,1973-10-12,se,,EPP,Kristdemokraterna,,,9,6793,
197392,Evin,INCIR,1,2019-07-02,,1984-06-15,se,,S&D,Arbetarepartiet- Socialdemokraterna,,,9,6792,cp0
197391,Heléne,FRITZON,1,2019-07-02,,1960-09-29,se,,S&D,Arbetarepartiet- Socialdemokraterna,,,9,6791,6mm
197390,Sara,SKYTTEDAL,1,2019-07-02,,1986-08-06,se,,EPP,Independent,,,9,6790,
193419,Christophe,HANSEN,1,2019-07-02,2023-10-23,1982-02-21,lu,,EPP,Parti chrétien social luxembourgeois,,,9,6777,s3rp
193292,Tilly,METZ,1,2019-07-02,,1967-05-26,lu,,Greens/EFA,Déi Gréng - Les Verts,,,9,6776,8d6
193273,Romeo,FRANZ,1,2019-07-02,,1966-10-28,de,,Greens/EFA,Bündnis 90/Die Grünen,,,9,6775,
192635,Danilo Oscar,LANCINI,1,2019-07-02,,1965-10-15,it,,ID,Lega,,,9,6771,
192634,Giuseppe,FERRANDINO,1,2019-07-02,,1963-03-21,it,,Renew,Azione,,,9,6770,z9d
191693,Elsi,KATAINEN,1,2019-07-02,,1966-12-17,fi,,Renew,Suomen Keskusta,,,9,6766,19c
190774,Geoffroy,DIDIER,1,2019-07-02,,1976-04-12,fr,,EPP,Les Républicains,,,9,6762,4b9
190713,Lukas,MANDL,1,2019-07-02,,1979-07-12,at,,EPP,Österreichische Volkspartei,,,9,6761,ubf
190519,Caroline,NAGTEGAAL,1,2019-07-02,,1980-06-01,nl,,Renew,Volkspartij voor Vrijheid en Democratie,,,9,6760,
190518,Jörg,MEUTHEN,1,2019-07-02,,1961-06-29,de,,NA,Independent,,,9,6759,
190517,Martin,SCHIRDEWAN,1,2019-07-02,,1975-07-12,de,,GUE/NGL,DIE LINKE.,,,9,6758,39b
190464,Thomas,WAITZ,1,2020-02-01,,1973-05-16,at,,Greens/EFA,Die Grünen - Die Grüne Alternative,,,9,6757,5-99
190099,Rory,PALMER,1,2019-07-02,2020-01-31,,gb,,S&D,Labour Party,,,9,6756,
189525,Asim,ADEMOV,1,2019-07-02,,1968-12-03,bg,,EPP,Citizens for European Development of Bulgaria,,,9,6755,7-98
189391,Baroness Nosheena,MOBARIK,1,2019-07-02,2020-01-31,,gb,,ECR,Conservative Party,,,9,6752,
189065,France,JAMET,1,2019-07-02,,1961-02-05,fr,,ID,Rassemblement national,,,9,6751,dd4
188945,Dennis,RADTKE,1,2019-07-02,,1979-04-29,de,,EPP,Christlich Demokratische Union Deutschlands,,,9,6750,78s
188733,Jonathan,BULLOCK,1,2019-07-02,2020-01-31,,gb,,NI,The Brexit Party,,,9,6748,
188636,John,HOWARTH,1,2019-07-02,2020-01-31,,gb,,S&D,Labour Party,,,9,6745,
187917,Marc,BOTENGA,1,2019-07-02,,1980-12-29,be,,GUE/NGL,Parti du Travail de Belgique,,,9,6873,6jn
185974,Jordi,SOLÉ,1,2020-01-03,,1976-10-26,es,,Greens/EFA,Esquerra Republicana de Catalunya,,,9,6738,8b7
185771,Tom,VANDENDRIESSCHE,1,2019-07-02,,1978-10-27,be,,ID,Vlaams Belang,,,9,7234,bty
185619,Tiemo,WÖLKEN,1,2019-07-02,,1985-12-05,de,,S&D,Sozialdemokratische Partei Deutschlands,,,9,6735,0bc
185341,Željana,ZOVKO,1,2019-07-02,,1970-03-25,hr,,EPP,Hrvatska demokratska zajednica,,,9,6734,r8h
183916,Alexandra,GEESE,1,2019-07-02,,1968-07-01,de,,Greens/EFA,Bündnis 90/Die Grünen,,,9,6853,05-68
183793,Angelo,CIOCCA,1,2019-07-02,,1975-06-28,it,,ID,Lega,,,9,6731,ben
183338,Jakop G.,DALUNDE,1,2020-02-01,,1984-02-02,se,,Greens/EFA,Miljöpartiet de gröna,,,9,6730,38u
182995,Annika,BRUNA,1,2019-07-02,,1956-11-26,fr,,ID,Rassemblement national,,,9,7076,qjw
136236,João,PIMENTA LOPES,1,2021-07-06,,1980-04-12,pt,,GUE/NGL,Partido Comunista Português,,,9,6727,
135511,Valérie,HAYER,1,2019-07-02,,1986-04-06,fr,,Renew,Renaissance,,,9,6959,1np
134605,Ramona,STRUGARIU,1,2019-07-02,,1979-08-06,ro,,Renew,Reînnoim Proiectul European al României,,,9,7058,mtb
132366,Pirkko,RUOHONEN-LERNER,1,2023-04-12,,1957-02-06,fi,,ECR,Perussuomalaiset,,,9,6718,6b8
132191,Gunnar,BECK,1,2019-07-02,,1965-05-01,de,,ID,Alternative für Deutschland,,,9,6874,rhw
131580,Jordan,BARDELLA,1,2019-07-02,,1995-09-13,fr,,ID,Rassemblement national,,,9,6988,3hq
131507,Miguel,URBÁN CRESPO,1,2019-07-02,,1980-03-26,es,,GUE/NGL,ANTICAPITALISTAS,,,9,6715,
130833,Stelios,KOULOGLOU,1,2019-07-02,,1953-02-27,gr,,GUE/NGL,New Left,,,9,6713,
130256,Dace,MELBĀRDE,1,2019-07-02,,1971-04-03,lv,,EPP,"Partija ""VIENOTĪBA""",,,9,7173,
130100,Hilde,VAUTMANS,1,2019-07-02,,1972-05-02,be,,Renew,Open Vlaamse Liberalen en Democraten,,,9,6710,9-97
129164,Tom,VANDENKENDELAERE,1,2021-01-25,,1984-09-02,be,,EPP,Christen-Democratisch & Vlaams,,,9,6706,
129073,Urmas,PAET,1,2019-07-02,,1974-04-20,ee,,Renew,Eesti Reformierakond,,,9,6705,ydc
128483,Markus,BUCHHEIT,1,2019-07-02,,1983-08-11,de,,ID,Alternative für Deutschland,,,9,6876,kjy
127096,Domènec,RUIZ DEVESA,1,2019-07-02,,1978-03-03,es,,S&D,Partido Socialista Obrero Español,,,9,7128,
126644,Jordi,CAÑAS,1,2019-07-02,,1969-12-12,es,,Renew,Ciudadanos – Partido de la Ciudadanía,,,9,6973,8k3
125706,Jiří,POSPÍŠIL,1,2019-07-02,,1975-11-24,cz,,EPP,TOP 09 a Starostové,,,9,6700,
125670,Massimiliano,SALINI,1,2019-07-02,,1973-03-11,it,,EPP,Forza Italia,,,9,6698,vfv
125237,Marco,ZULLO,1,2019-07-02,,1978-10-29,it,,Renew,Independent,,,9,6695,
125214,Bronis,ROPĖ,1,2019-07-02,,1955-04-14,lt,,Greens/EFA,Lietuvos valstiečių ir žaliųjų sąjunga,,,9,6694,
125128,Iskra,MIHAYLOVA,1,2019-07-02,,1957-09-07,bg,,Renew,Movement for Rights and Freedoms,,,9,6690,
125110,Nikos,ANDROULAKIS,1,2019-07-02,2023-05-02,1979-02-07,gr,,S&D,PASOK-KINAL,,,9,6687,
125109,Eva,KAILI,1,2019-07-02,,1978-10-26,gr,,NA,Independent,,,9,6686,
125106,Johan,VAN OVERTVELDT,1,2019-07-02,,1955-08-24,be,,ECR,Nieuw-Vlaamse Alliantie,,,9,6683,h84
125104,Romana,TOMC,1,2019-07-02,,1965-11-02,si,,EPP,Slovenska demokratska stranka,,,9,6681,g94
125093,Kostas,PAPADAKIS,1,2019-07-02,,1975-04-18,gr,,NA,Communist Party of Greece,,,9,6676,1g8
125068,Manolis,KEFALOGIANNIS,1,2019-07-02,,1959-05-24,gr,,EPP,Nea Demokratia,,,9,6666,2d9
125067,Theodoros,ZAGORAKIS,1,2019-07-02,,1971-10-27,gr,,NA,Independent,,,9,6665,
125065,Elissavet,VOZEMBERG-VRIONIDI,1,2019-07-02,,1956-09-14,gr,,EPP,Nea Demokratia,,,9,6664,uew
125064,Maria,SPYRAKI,1,2019-07-02,,1965-09-11,gr,,EPP,Nea Demokratia,,,9,6663,7fp
125063,Georgios,KYRTSOS,1,2019-07-02,,1952-06-04,gr,,Renew,Independent,,,9,6662,
125046,Jonás,FERNÁNDEZ,1,2019-07-02,,1979-01-08,es,,S&D,Partido Socialista Obrero Español,,,9,6652,
125045,Clara,AGUILERA,1,2019-07-02,,1964-01-03,es,,S&D,Partido Socialista Obrero Español,,,9,6651,
125043,Inma,RODRÍGUEZ-PIÑERO,1,2019-07-02,,1958-01-07,es,,S&D,Partido Socialista Obrero Español,,,9,6649,
125042,Javi,LÓPEZ,1,2019-07-02,,1985-11-11,es,,S&D,Partit dels Socialistes de Catalunya,,,9,6648,
125038,Maite,PAGAZAURTUNDÚA,1,2019-07-02,,1965-02-11,es,,Renew,Delegación Ciudadanos Europeos,,,9,6644,
125030,Annie,SCHREIJER-PIERIK,1,2019-07-02,,1953-02-17,nl,,EPP,Christen Democratisch Appèl,,,9,6636,
125027,Esteban,GONZÁLEZ PONS,1,2019-07-02,2023-08-16,1964-08-21,es,,EPP,Partido Popular,,,9,6632,b4rv
125025,Marcel,de GRAAFF,1,2022-01-20,,1962-04-07,nl,,NA,Forum voor Democratie,,,9,6630,
125023,Anja,HAZEKAMP,1,2019-07-02,,1968-01-21,nl,,GUE/NGL,Partij voor de Dieren,,,9,6628,mbj
125021,Agnes,JONGERIUS,1,2019-07-02,,1960-11-04,nl,,S&D,Partij van de Arbeid,,,9,6624,
125020,Paul,TANG,1,2019-07-02,,1967-04-23,nl,,S&D,Partij van de Arbeid,,,9,6623,
125012,Daniel,BUDA,1,2019-07-02,,1970-01-11,ro,,EPP,Partidul Naţional Liberal,,,9,6617,sgw
125005,Javier,NART,1,2019-07-02,,1947-08-19,es,,Renew,Independiente,,,9,6614,4d8
125004,Franc,BOGOVIČ,1,2019-07-02,,1963-02-02,si,,EPP,Slovenska ljudska stranka,,,9,6613,vgc
125001,Harald,VILIMSKY,1,2019-07-02,,1966-07-22,at,,ID,Freiheitliche Partei Österreichs,,,9,6610,5g6
124996,Peter,LUNDGREN,1,2019-07-02,,1963-02-02,se,,ECR,Sverigedemokraterna,,,9,6608,
124992,Malin,BJÖRK,1,2019-07-02,,1972-05-22,se,,GUE/NGL,Vänsterpartiet,,,9,6604,9e5
124991,Jytte,GUTELAND,1,2019-07-02,2022-09-25,1979-09-16,se,,S&D,Arbetarepartiet- Socialdemokraterna,,,9,6603,
124989,Fredrick,FEDERLEY,1,2019-07-02,2020-12-12,1978-05-06,se,,Renew,Centerpartiet,,,9,6601,
124988,Deirdre,CLUNE,1,2020-02-01,,1959-06-01,ie,,EPP,Fine Gael Party,,,9,6600,rfx
124986,Matt,CARTHY,1,2019-07-02,2020-02-07,,ie,,GUE/NGL,Sinn Féin,,,9,6598,
124985,Luke Ming,FLANAGAN,1,2019-07-02,,1972-01-22,ie,,GUE/NGL,Independent,,,9,6597,fgj
124973,Gerolf,ANNEMANS,1,2019-07-02,,1958-11-08,be,,ID,Vlaams Belang,,,9,6593,9fn
124972,Ernest,URTASUN,1,2019-07-02,2023-11-20,1982-01-27,es,,Greens/EFA,Catalunya en Comú,,,9,6591,z17d
124970,Miriam,DALLI,1,2019-07-02,2020-10-18,1976-05-19,mt,,S&D,Partit Laburista,,,9,6589,
124965,Nathan,GILL,1,2019-07-02,2020-01-31,1973-07-06,gb,,NI,The Brexit Party,,,9,6584,
124963,Julie,WARD,1,2019-07-02,2020-01-31,,gb,,S&D,Labour Party,,,9,6582,
124961,Theresa,GRIFFIN,1,2019-07-02,2020-01-31,,gb,,S&D,Labour Party,,,9,6580,
124953,Jude,KIRTON-DARLING,1,2019-07-02,2020-01-31,,gb,,S&D,Labour Party,,,9,6571,
124952,Seb,DANCE,1,2019-07-02,2020-01-31,,gb,,S&D,Labour Party,,,9,6570,
124942,Molly,SCOTT CATO,1,2019-07-02,2020-01-31,,gb,,Greens/EFA,Green Party,,,9,6560,
124936,Maria,ARENA,1,2019-07-02,,1966-12-17,be,,S&D,Parti Socialiste,,,9,6553,
124934,Monika,VANA,1,2019-07-02,,1969-09-14,at,,Greens/EFA,Die Grünen - Die Grüne Alternative,,,9,6551,
124929,Ivan,ŠTEFANEC,1,2019-07-02,,1961-09-30,sk,,EPP,Kresťanskodemokratické hnutie,,,9,6547,ude
124895,Krzysztof,HETMAN,1,2019-07-02,2023-10-18,1974-06-27,pl,,EPP,Polskie Stronnictwo Ludowe,,,9,6534,
124891,Zdzisław,KRASNODĘBSKI,1,2019-07-02,,1953-04-11,pl,,ECR,Prawo i Sprawiedliwość,,,9,6530,
124887,Karol,KARSKI,1,2019-07-02,,1966-05-13,pl,,ECR,Prawo i Sprawiedliwość,,,9,6525,cfm
124884,Kosma,ZŁOTOWSKI,1,2019-07-02,,1964-01-14,pl,,ECR,Prawo i Sprawiedliwość,,,9,6522,scy
124877,Jadwiga,WIŚNIEWSKA,1,2019-07-02,,1963-07-02,pl,,ECR,Prawo i Sprawiedliwość,,,9,6515,jbk
124875,Anders,VISTISEN,1,2022-11-22,,1987-11-12,dk,,ID,Dansk Folkeparti,,,9,6513,69s
124873,Angel,DZHAMBAZKI,1,2019-07-02,,1979-03-21,bg,,ECR,VMRO,,,9,6511,
124872,Morten,PETERSEN,1,2019-07-02,,1966-09-14,dk,,Renew,Det Radikale Venstre,,,9,6510,
124867,Brando,BENIFEI,1,2019-07-02,,1986-01-01,it,,S&D,Partito Democratico,,,9,6505,nch
124866,Ilhan,KYUCHYUK,1,2019-07-02,,1985-09-16,bg,,Renew,Movement for Rights and Freedoms,,,9,6504,xgb
124862,Ulrike,MÜLLER,1,2019-07-02,,1962-12-07,de,,Renew,Freie Wähler,,,9,6500,
124861,Caterina,CHINNICI,1,2019-07-02,,1954-11-05,it,,EPP,Forza Italia,,,9,6499,3e8
124856,Ignazio,CORRAO,1,2019-07-02,,1984-01-14,it,,Greens/EFA,Independent,,,9,6494,
124852,Sergei,STANISHEV,1,2019-07-02,,1966-05-05,bg,,S&D,Bulgarian Socialist Party,,,9,6490,
124850,Emil,RADEV,1,2019-07-02,,1971-05-26,bg,,EPP,Citizens for European Development of Bulgaria,,,9,6488,6eq
124846,Pina,PICIERNO,1,2019-07-02,,1981-05-10,it,,S&D,Partito Democratico,,,9,6484,1fs
124844,Piernicola,PEDICINI,1,2019-07-02,,1969-05-22,it,,Greens/EFA,Independent,,,9,6482,
124837,Joachim,SCHUSTER,1,2019-07-02,,1962-10-28,de,,S&D,Sozialdemokratische Partei Deutschlands,,,9,6475,
124836,Maria,NOICHL,1,2019-07-02,,1967-01-09,de,,S&D,Sozialdemokratische Partei Deutschlands,,,9,6473,kb2
124835,Rosa,D'AMATO,1,2019-07-02,,1969-03-30,it,,Greens/EFA,Independent,,,9,6472,zbv
124834,Martin,SONNEBORN,1,2019-07-02,,1965-05-15,de,,NA,Die PARTEI,,,9,6471,ref
124833,Laura,FERRARA,1,2019-07-02,,1983-09-11,it,,NA,Movimento 5 Stelle,,,9,6470,
124831,Isabella,ADINOLFI,1,2019-07-02,,1978-03-27,it,,EPP,Forza Italia,,,9,6468,jg0
124828,Fulvio,MARTUSCIELLO,1,2019-07-02,,1968-05-25,it,,EPP,Forza Italia,,,9,6465,sdf
124822,Dietmar,KÖSTER,1,2019-07-02,,1957-01-06,de,,S&D,Sozialdemokratische Partei Deutschlands,,,9,6459,
124821,Nicola,DANTI,1,2023-12-06,,1966-09-06,it,,Renew,Italia Viva – Il Centro,,,9,6458,je1
124818,Klaus,BUCHNER,1,2019-07-02,2020-07-15,,de,,Greens/EFA,Ökologisch-Demokratische Partei,,,9,6455,
124814,Simona,BONAFÈ,1,2019-07-02,2022-10-12,1973-07-12,it,,S&D,Partito Democratico,,,9,6449,
124812,Fabio Massimo,CASTALDO,1,2019-07-02,,1985-09-18,it,,Renew,Azione,,,9,6446,3g7
124809,Sven,SCHULZE,1,2019-07-02,2021-09-28,1979-07-31,de,,EPP,Christlich Demokratische Union Deutschlands,,,9,6443,
124808,Norbert,LINS,1,2019-07-02,,1977-12-22,de,,EPP,Christlich Demokratische Union Deutschlands,,,9,6442,xbw
124807,Jens,GIESEKE,1,2019-07-02,,1971-05-18,de,,EPP,Christlich Demokratische Union Deutschlands,,,9,6441,ngy
124806,David,McALLISTER,1,2019-07-02,,1971-01-12,de,,EPP,Christlich Demokratische Union Deutschlands,,,9,6440,h9m
124802,Siegfried,MUREŞAN,1,2019-07-02,,1981-09-20,ro,,EPP,Partidul Naţional Liberal,,,9,6436,49t
124799,Alessandra,MORETTI,1,2019-07-02,,1973-06-24,it,,S&D,Partito Democratico,,,9,6433,18v
124785,Maria,GRAPINI,1,2019-07-02,,1954-11-07,ro,,S&D,Partidul Social Democrat,,,9,6419,sfe
124784,Dan,NICA,1,2019-07-02,,1960-07-02,ro,,S&D,Partidul Social Democrat,,,9,6418,gfj
124781,Alfred,SANT,1,2019-07-02,,1948-02-28,mt,,S&D,Partit Laburista,,,9,6415,
124780,Marco,ZANNI,1,2019-07-02,,1986-07-11,it,,ID,Lega,,,9,6414,
124779,Eleonora,EVI,1,2019-07-02,2022-10-12,1983-11-20,it,,Greens/EFA,Europa Verde,,,9,6413,
124777,Tiziana,BEGHIN,1,2019-07-02,,1971-02-04,it,,NA,Movimento 5 Stelle,,,9,6411,
124771,Dominique,BILDE,1,2019-07-02,,1953-08-01,fr,,ID,Rassemblement national,,,9,6405,wgu
124770,Jean-François,JALKH,1,2019-07-02,,1957-05-23,fr,,ID,Rassemblement national,,,9,6404,4gq
124766,Petras,AUŠTREVIČIUS,1,2019-07-02,,1963-05-16,lt,,Renew,Lietuvos Respublikos liberalų sąjūdis,,,9,6400,2es
124765,Joëlle,MÉLIN,1,2019-07-02,2022-07-28,1950-03-26,fr,,ID,Rassemblement national,,,9,6399,
124760,Nicolas,BAY,1,2019-07-02,,1977-12-21,fr,,ECR,Reconquête!,,,9,6394,ugv
124747,Pedro,SILVA PEREIRA,1,2019-07-02,,1962-08-15,pt,,S&D,Partido Socialista,,,9,6381,
124739,Carlos,ZORRINHO,1,2019-07-02,,1959-05-28,pt,,S&D,Partido Socialista,,,9,6373,
124738,Gilles,LEBRETON,1,2019-07-02,,1958-10-11,fr,,ID,Rassemblement national,,,9,6372,bgm
124735,Miapetra,KUMPULA-NATRI,1,2019-07-02,,1972-05-19,fi,,S&D,Suomen Sosialidemokraattinen Puolue/Finlands Socialdemokratiska Parti,,,9,6367,
124734,Cláudia,MONTEIRO DE AGUIAR,1,2019-07-02,2024-04-04,1982-04-08,pt,,EPP,Partido Social Democrata,,,9,6366,
124726,Henna,VIRKKUNEN,1,2019-07-02,,1972-06-04,fi,,EPP,Kansallinen Kokoomus,,,9,6356,wcw
124722,Csaba,MOLNÁR,1,2019-07-02,,1975-12-04,hu,,S&D,Demokratikus Koalíció,,,9,6351,ee3
124715,György,HÖLVÉNYI,1,2019-07-02,,1962-06-13,hu,,EPP,Kereszténydemokrata Néppárt,,,9,6346,dgk
124714,Andor,DELI,1,2019-07-02,,1977-05-02,hu,,NA,Fidesz-Magyar Polgári Szövetség-Kereszténydemokrata Néppárt,,,9,6345,0gs
124713,Tomáš,ZDECHOVSKÝ,1,2019-07-02,,1979-11-02,cz,,EPP,Křesťanská a demokratická unie - Československá strana lidová,,,9,6344,gbm
124712,Andrea,BOCSKOR,1,2019-07-02,,1978-08-11,hu,,NA,Fidesz-Magyar Polgári Szövetség-Kereszténydemokrata Néppárt,,,9,6343,mgg
124710,Michaela,ŠOJDROVÁ,1,2019-07-02,,1963-10-28,cz,,EPP,Křesťanská a demokratická unie - Československá strana lidová,,,9,6341,nez
124709,Martina,DLABAJOVÁ,1,2019-07-02,,1976-07-26,cz,,Renew,Independent,,,9,6340,
124708,Dita,CHARANZOVÁ,1,2019-07-02,,1975-04-30,cz,,Renew,Independent,,,9,6339,
124705,István,UJHELYI,1,2019-07-02,,1975-02-28,hu,,S&D,Esély Közösség,,,9,6336,
124704,Stanislav,POLČÁK,1,2019-07-02,,1980-02-21,cz,,EPP,Starostové a nezávisli,,,9,6335,
124701,Luděk,NIEDERMAYER,1,2019-07-02,,1966-03-13,cz,,EPP,TOP 09 a Starostové,,,9,6332,nb1
124700,Jana,TOOM,1,2019-07-02,,1966-10-15,ee,,Renew,Eesti Keskerakond,,,9,6331,5bs
124696,Andrus,ANSIP,1,2019-07-02,,1956-10-01,ee,,Renew,Eesti Reformierakond,,,9,6327,
124693,Pascal,DURAND,1,2019-07-02,,1960-10-03,fr,,S&D,Liste Renaissance,,,9,6324,hgh
124692,Demetris,PAPADAKIS,1,2019-07-02,,1966-08-22,cy,,S&D,Movement for Social Democracy EDEK,,,9,6323,
124691,Costas,MAVRIDES,1,2019-07-02,,1962-05-27,cy,,S&D,Democratic Party,,,9,6322,
124586,Balázs,HIDVÉGHI,1,2019-07-02,,1970-11-28,hu,,NA,Fidesz-Magyar Polgári Szövetség-Kereszténydemokrata Néppárt,,,9,6318,6-89
123562,Charlie,WEIMERS,1,2019-07-02,,1982-11-12,se,,ECR,Sverigedemokraterna,,,9,6808,buf
122978,Alicia,HOMS GINEL,1,2019-07-02,,1993-10-15,es,,S&D,Partido Socialista Obrero Español,,,9,7122,jnx
120478,Martina,MICHELS,1,2019-07-02,,1955-12-01,de,,GUE/NGL,DIE LINKE.,,,9,6310,
119434,Dubravka,ŠUICA,1,2019-07-02,2019-11-30,,hr,,EPP,Hrvatska demokratska zajednica,,,9,6301,
119431,Ruža,TOMAŠIĆ,1,2019-07-02,2021-06-30,1958-05-10,hr,,ECR,Hrvatska konzervativna stranka,,,9,6300,
118949,Ondřej,KOVAŘÍK,1,2019-07-02,,1980-08-21,cz,,Renew,ANO 2011,,,9,6917,cux
118859,Roberta,METSOLA,1,2019-07-02,,1979-01-18,mt,,EPP,Partit Nazzjonalista,,,9,6297,7e6
114268,Nils,TORVALDS,1,2019-07-02,,1945-08-07,fi,,Renew,Svenska folkpartiet,,,9,6281,
113959,Martina,ANDERSON,1,2019-07-02,2020-01-31,1962-04-16,gb,,GUE/NGL,Sinn Fein,,,9,6280,
113892,Eric,ANDRIEU,1,2019-07-02,2023-06-01,1960-04-14,fr,,S&D,Parti socialiste,,,9,6279,
112748,Biljana,BORZAN,1,2019-07-02,,1971-11-29,hr,,S&D,Socijaldemokratska partija Hrvatske,,,9,6264,bh3
112747,Romana,JERKOVIĆ,1,2020-02-01,,1964-11-28,hr,,S&D,Socijaldemokratska partija Hrvatske,,,9,6263,2vj
112744,Tonino,PICULA,1,2019-07-02,,1961-08-31,hr,,S&D,Socijaldemokratska partija Hrvatske,,,9,6261,4f7
112611,Petri,SARVAMAA,1,2019-07-02,,1960-09-15,fi,,EPP,Kansallinen Kokoomus,,,9,6259,
112014,Phil,BENNION,1,2019-07-02,2020-01-31,,gb,,Renew,Liberal Democrats,,,9,6256,
111011,Anthea,McINTYRE,1,2019-07-02,2020-01-31,1954-06-29,gb,,ECR,Conservative Party,,,9,6234,
107212,Andrey,NOVAKOV,1,2019-07-02,,1988-07-07,bg,,EPP,Citizens for European Development of Bulgaria,,,9,6709,
106936,Daniel,FREUND,1,2019-07-02,,1984-10-14,de,,Greens/EFA,Bündnis 90/Die Grünen,,,9,6851,25-67
103746,Michal,ŠIMEČKA,1,2019-07-02,2023-10-24,1984-05-10,sk,,Renew,Progresívne Slovensko,,,9,7152,
103381,Terry,REINTKE,1,2019-07-02,,1987-05-09,de,,Greens/EFA,Bündnis 90/Die Grünen,,,9,6529,tfw
101585,Niels,FUGLSANG,1,2019-07-02,,1985-06-29,dk,,S&D,Socialdemokratiet,,,9,6955,4mn
101039,Paolo,BORCHIA,1,2019-07-02,,1980-05-27,it,,ID,Lega,,,9,7000,
99945,Lena,DÜPONT,1,2019-07-02,,1986-04-30,de,,EPP,Christlich Demokratische Union Deutschlands,,,9,6810,3m5
99461,Alexandra Lesley,PHILLIPS,1,2019-07-02,2020-01-31,1983-12-26,gb,,NI,The Brexit Party,,,9,7101,
99283,Alessandro,PANZA,1,2019-07-02,,1982-05-15,it,,ID,Lega,,,9,6979,
98582,Loránt,VINCZE,1,2019-07-02,,1977-11-03,ro,,EPP,Uniunea Democrată Maghiară din România,,,9,7062,0u3
98341,Eva,MAYDELL,1,2019-07-02,,1986-01-26,bg,,EPP,Citizens for European Development of Bulgaria,,,9,6483,
97968,Andrey,KOVATCHEV,1,2019-07-02,,1967-12-13,bg,,EPP,Citizens for European Development of Bulgaria,,,9,6196,eg2
97236,Marie,TOUSSAINT,1,2019-07-02,,1987-05-27,fr,,Greens/EFA,Europe Écologie,,,9,6894,str
97198,Mara,BIZZOTTO,1,2019-07-02,2022-10-12,1972-06-03,it,,ID,Lega,,,9,6179,
97133,Derk Jan,EPPINK,1,2019-07-02,2021-03-30,1958-11-07,nl,,ECR,JA21,,,9,6167,
97058,Guy,VERHOFSTADT,1,2019-07-02,,1953-04-11,be,,Renew,Open Vlaamse Liberalen en Democraten,,,9,6159,qey
96998,Evelyn,REGNER,1,2019-07-02,,1966-01-24,at,,S&D,Sozialdemokratische Partei Österreichs,,,9,6136,xfu
96991,Eider,GARDIAZABAL RUBIAL,1,2019-07-02,,1975-07-12,es,,S&D,Partido Socialista Obrero Español,,,9,6130,
96978,Nuno,MELO,1,2019-07-02,2024-03-25,1966-03-18,pt,,EPP,Partido do Centro Democrático Social-Partido Popular,,,9,6121,
96955,Catherine,BEARDER,1,2019-07-02,2020-01-31,,gb,,Renew,Liberal Democrats,,,9,6110,
96952,Sylvie,GUILLAUME,1,2019-07-02,,1962-06-11,fr,,S&D,Parti socialiste,,,9,6107,
96951,Diane,DODDS,1,2019-07-02,2020-01-31,,gb,,NI,Democratic Unionist Party,,,9,6106,
96936,Gabriel,MATO,1,2020-02-01,,1961-04-29,es,,EPP,Partido Popular,,,9,6096,
96934,Sandra,KALNIETE,1,2019-07-02,,1952-12-22,lv,,EPP,"Partija ""VIENOTĪBA""",,,9,6095,tby
96933,Milan,ZVER,1,2019-07-02,,1962-05-25,si,,EPP,Slovenska demokratska stranka,,,9,6094,dcn
96932,Birgit,SIPPEL,1,2019-07-02,,1960-01-29,de,,S&D,Sozialdemokratische Partei Deutschlands,,,9,6093,9g4
96922,Izaskun,BILBAO BARANDICA,1,2019-07-02,,1961-03-27,es,,Renew,Partido Nacionalista Vasco,,,9,6089,
96911,Tanja,FAJON,1,2019-07-02,2022-05-12,1971-05-09,si,,S&D,Socialni demokrati,,,9,6080,
96903,Paulo,RANGEL,1,2019-07-02,2024-04-01,1968-02-18,pt,,EPP,Partido Social Democrata,,,9,6072,
96899,José Manuel,FERNANDES,1,2019-07-02,2024-04-01,1967-07-26,pt,,EPP,Partido Social Democrata,,,9,6068,
96892,Roberto,GUALTIERI,1,2019-07-02,2019-09-05,,it,,S&D,Partito Democratico,,,9,6063,
96891,Paolo,DE CASTRO,1,2019-07-02,,1958-02-02,it,,S&D,Partito Democratico,,,9,6062,
96885,Dominique,RIQUET,1,2019-07-02,,1946-09-18,fr,,Renew,Mouvement Radical Social-Libéral,,,9,6056,peg
96880,Andrea,COZZOLINO,1,2019-07-02,,1962-08-03,it,,NA,Partito Democratico,,,9,6051,
96868,Karima,DELLI,1,2019-07-02,,1979-03-04,fr,,Greens/EFA,Europe Écologie,,,9,6040,
96867,Maria da Graça,CARVALHO,1,2019-07-02,2024-04-01,1955-04-09,pt,,EPP,Partido Social Democrata,,,9,6039,
96852,Cornelia,ERNST,1,2019-07-02,,1956-11-30,de,,GUE/NGL,DIE LINKE.,,,9,6024,
96844,Norbert,NEUSER,1,2019-07-02,2022-01-10,1949-03-22,de,,S&D,Sozialdemokratische Partei Deutschlands,,,9,6016,
96842,Ismail,ERTUG,1,2019-07-02,2023-07-02,1975-12-05,de,,S&D,Sozialdemokratische Partei Deutschlands,,,9,6014,
96837,Petra,KAMMEREVERT,1,2019-07-02,,1966-06-01,de,,S&D,Sozialdemokratische Partei Deutschlands,,,9,6009,
96833,Jens,GEIER,1,2019-07-02,,1961-06-22,de,,S&D,Sozialdemokratische Partei Deutschlands,,,9,6005,3c9
96830,Enikő,GYŐRI,1,2019-07-02,,1968-07-17,hu,,NA,Fidesz-Magyar Polgári Szövetség-Kereszténydemokrata Néppárt,,,9,6002,y8e
96829,Ádám,KÓSA,1,2019-07-02,,1975-07-01,hu,,NA,Fidesz-Magyar Polgári Szövetség-Kereszténydemokrata Néppárt,,,9,6001,rbz
96826,Tamás,DEUTSCH,1,2019-07-02,,1966-07-27,hu,,NA,Fidesz-Magyar Polgári Szövetség-Kereszténydemokrata Néppárt,,,9,5998,tgd
96820,Marisa,MATIAS,1,2019-07-02,2024-03-25,1976-02-20,pt,,GUE/NGL,Bloco de Esquerda,,,9,5992,
96812,Juan Fernando,LÓPEZ AGUILAR,1,2019-07-02,,1961-06-10,es,,S&D,Partido Socialista Obrero Español,,,9,5984,4er
96811,Rosa,ESTARÀS FERRAGUT,1,2019-07-02,,1965-10-21,es,,EPP,Partido Popular,,,9,5983,
96810,Carlo,FIDANZA,1,2019-07-02,,1976-09-21,it,,ECR,FRATELLI D' ITALIA,,,9,5982,
96809,Peter van,DALEN,1,2019-07-02,2023-09-03,1958-09-03,nl,,EPP,ChristenUnie,,,9,5981,
96808,Pablo,ARIAS ECHEVERRÍA,1,2019-07-02,,1970-06-30,es,,EPP,Partido Popular,,,9,5980,u7z
96801,Tomasz Piotr,PORĘBA,1,2019-07-02,,1973-03-31,pl,,ECR,Prawo i Sprawiedliwość,,,9,5974,
96796,Ryszard Antoni,LEGUTKO,1,2019-07-02,,1949-12-24,pl,,ECR,Prawo i Sprawiedliwość,,,9,5969,
96791,Elżbieta Katarzyna,ŁUKACIJEWSKA,1,2019-07-02,,1966-11-25,pl,,EPP,Platforma Obywatelska,,,9,5964,
96787,Herbert,DORFMANN,1,2019-07-02,,1969-03-04,it,,EPP,Südtiroler Volkspartei,,,9,5960,fd3
96780,Monika,HOHLMEIER,1,2019-07-02,,1962-07-02,de,,EPP,Christlich-Soziale Union in Bayern e.V.,,,9,5953,5fq
96779,Danuta Maria,HÜBNER,1,2019-07-02,,1948-04-08,pl,,EPP,Platforma Obywatelska,,,9,5952,
96776,Róża,THUN UND HOHENSTEIN,1,2019-07-02,,1954-04-13,pl,,Renew,Polska 2050,,,9,5949,
96775,Lara,COMI,1,2022-11-02,,1983-02-18,it,,EPP,Forza Italia,,,9,5948,
96772,Peter,JAHR,1,2019-07-02,,1959-04-24,de,,EPP,Christlich Demokratische Union Deutschlands,,,9,5945,
96771,Jarosław,KALINOWSKI,1,2019-07-02,,1962-04-12,pl,,EPP,Polskie Stronnictwo Ludowe,,,9,5944,
96761,Axel,VOSS,1,2019-07-02,,1963-04-07,de,,EPP,Christlich Demokratische Union Deutschlands,,,9,5934,c8q
96756,Sabine,VERHEYEN,1,2019-07-02,,1964-10-24,de,,EPP,Christlich Demokratische Union Deutschlands,,,9,5930,w9x
96752,Martin,HÄUSLING,1,2019-07-02,,1961-03-26,de,,Greens/EFA,Bündnis 90/Die Grünen,,,9,5926,sbg
96750,François,ALFONSI,1,2019-07-02,,1953-09-14,fr,,Greens/EFA,Régions et Peuples Solidaires,,,9,5924,
96747,Arnaud,DANJEAN,1,2019-07-02,,1971-02-11,fr,,EPP,Les Républicains,,,9,5921,
96743,Michèle,RIVASI,1,2019-07-02,2023-11-29,1953-02-09,fr,,Greens/EFA,Europe Écologie,,,9,5917,
96740,Yannick,JADOT,1,2019-07-02,2023-09-23,1967-07-27,fr,,Greens/EFA,Europe Écologie,,,9,5914,
96739,Reinhard,BÜTIKOFER,1,2019-07-02,,1953-01-26,de,,Greens/EFA,Bündnis 90/Die Grünen,,,9,5913,
96734,Ska,KELLER,1,2019-07-02,,1981-11-22,de,,Greens/EFA,Bündnis 90/Die Grünen,,,9,5908,
96730,Sven,GIEGOLD,1,2019-07-02,2021-12-15,1969-11-17,de,,Greens/EFA,Bündnis 90/Die Grünen,,,9,5904,
96725,Bas,EICKHOUT,1,2019-07-02,,1976-10-08,nl,,Greens/EFA,GroenLinks,,,9,5899,qgx
96713,Evžen,TOŠENOVSKÝ,1,2019-07-02,,1956-02-26,cz,,ECR,Občanská demokratická strana,,,9,5892,
96711,Pascal,CANFIN,1,2019-07-02,,1974-08-22,fr,,Renew,Liste Renaissance,,,9,5891,28c
96709,Morten,LØKKEGAARD,1,2019-07-02,,1964-12-20,dk,,Renew,"Venstre, Danmarks Liberale Parti",,,9,5889,98r
96706,João,FERREIRA,1,2019-07-02,2021-07-05,1978-11-20,pt,,GUE/NGL,Partido Comunista Português,,,9,5886,
96698,Viktor,USPASKICH,1,2019-07-02,,1959-07-24,lt,,NA,Darbo partija,,,9,5879,09v
96697,Waldemar,TOMASZEWSKI,1,2019-07-02,,1965-03-03,lt,,ECR,Lietuvos lenkų rinkimų akcija – Krikščioniškų šeimų sąjunga,,,9,5878,
96681,Vilija,BLINKEVIČIŪTĖ,1,2019-07-02,,1960-03-03,lt,,S&D,Lietuvos socialdemokratų partija,,,9,5867,2gr
96668,Seán,KELLY,1,2019-07-02,,1952-04-26,ie,,EPP,Fine Gael Party,,,9,5855,8ep
96653,Katarína,ROTH NEVEĎALOVÁ,1,2022-12-30,,1982-11-10,sk,,NA,SMER-Sociálna demokracia,,,9,5842,q81
96648,Philippe,LAMBERTS,1,2019-07-02,,1963-03-14,be,,Greens/EFA,Ecologistes Confédérés pour l'Organisation de Luttes Originales,,,9,5838,
96646,Helmut,SCHOLZ,1,2019-07-02,,1954-06-21,de,,GUE/NGL,DIE LINKE.,,,9,5837,
95074,Jeroen,LENAERS,1,2019-07-02,,1984-04-29,nl,,EPP,Christen Democratisch Appèl,,,9,6592,zeb
94649,Catherine,GRISET,1,2019-07-02,,1972-08-20,fr,,ID,Rassemblement national,,,9,7019,yn7
88882,Victor,NEGRESCU,1,2020-02-01,,1985-08-17,ro,,S&D,Partidul Social Democrat,,,9,6691,9dp
88715,José,GUSMÃO,1,2019-07-02,,1976-07-20,pt,,GUE/NGL,Bloco de Esquerda,,,9,7133,kne
86793,Anna,CAVAZZINI,1,2019-07-02,,1982-12-12,de,,Greens/EFA,Bündnis 90/Die Grünen,,,9,6847,h560
72779,Nadine,MORANO,1,2019-07-02,,1963-11-06,fr,,EPP,Les Républicains,,,9,6368,tee
58789,Jan,HUITEMA,1,2019-07-02,,1984-07-05,nl,,Renew,Volkspartij voor Vrijheid en Democratie,,,9,6622,
58766,Nicolae,ŞTEFĂNUȚĂ,1,2019-07-02,,1982-01-03,ro,,Greens/EFA,Independent,,,9,7055,d8y3
40599,Sirpa,PIETIKÄINEN,1,2019-07-02,,1959-04-19,fi,,EPP,Kansallinen Kokoomus,,,9,5788,8cq
39725,Iuliu,WINKLER,1,2019-07-02,,1964-03-14,ro,,EPP,Uniunea Democrată Maghiară din România,,,9,5782,5c8
38595,Rovana,PLUMB,1,2019-07-02,,1960-06-22,ro,,S&D,Partidul Social Democrat,,,9,5731,
38542,Johan,DANIELSSON,1,2019-07-02,2021-11-29,1982-06-30,se,,S&D,Arbetarepartiet- Socialdemokraterna,,,9,6806,s11k
38511,Georg,MAYER,1,2019-07-02,,1973-10-12,at,,ID,Freiheitliche Partei Österreichs,,,9,6627,ge2
38420,Cristian-Silviu,BUŞOI,1,2019-07-02,,1978-03-01,ro,,EPP,Partidul Naţional Liberal,,,9,5729,
38398,Esther,DE LANGE,1,2019-07-02,2024-02-15,1975-02-19,nl,,EPP,Christen Democratisch Appèl,,,9,5727,
37324,Adina-Ioana,VĂLEAN,1,2019-07-02,2019-11-30,,ro,,EPP,Partidul Naţional Liberal,,,9,5714,63zu
37312,Christel,SCHALDEMOSE,1,2019-07-02,,1967-08-04,dk,,S&D,Socialdemokratiet,,,9,5713,bcp
37229,Kati,PIRI,1,2019-07-02,2021-03-30,1979-04-08,nl,,S&D,Partij van de Arbeid,,,9,6625,
36392,Aldo,PATRICIELLO,1,2019-07-02,,1957-09-27,it,,ID,Lega,,,9,5702,5dr
35016,Marco,CAMPOMENOSI,1,2019-07-02,,1975-09-02,it,,ID,Lega,,,9,6981,
34578,Robert,HAJŠEL,1,2019-07-02,,1967-03-28,sk,,S&D,Independent,,,9,7146,
33997,Corina,CREȚU,1,2019-07-02,,1967-06-24,ro,,S&D,PRO Romania,,,9,5661,
33982,Marian-Jean,MARINESCU,1,2019-07-02,,1952-08-11,ro,,EPP,Partidul Naţional Liberal,,,9,5646,
30490,Aileen,McLEOD,1,2019-07-02,2020-01-31,1971-08-24,gb,,Greens/EFA,Scottish National Party,,,9,7028,
30482,Younous,OMARJEE,1,2019-07-02,,1969-09-30,fr,,GUE/NGL,La France Insoumise,,,9,6250,xdv
29579,Marc,TARABELLA,1,2019-07-02,,1963-03-11,be,,NA,Independent,,,9,5624,
28619,Tatjana,ŽDANOKA,1,2019-07-02,,1950-05-08,lv,,NA,Latvijas Krievu savienība,,,9,5602,
28617,Inese,VAIDERE,1,2019-07-02,,1952-09-03,lv,,EPP,"Partija ""VIENOTĪBA""",,,9,5600,s9z
28615,Roberts,ZĪLE,1,2019-07-02,,1958-06-20,lv,,ECR,"Nacionālā apvienība ""Visu Latvijai!""-""Tēvzemei un Brīvībai/LNNK""",,,9,5598,
28586,Dimitrios,PAPADIMOULIS,1,2019-07-02,,1955-03-21,gr,,GUE/NGL,New Left,,,9,5596,
28508,Alyn,SMITH,1,2019-07-02,2019-12-12,,gb,,Greens/EFA,Scottish National Party,,,9,5571,
28429,Alessandra,MUSSOLINI,1,2022-11-02,,1962-12-30,it,,EPP,Forza Italia,,,9,5547,qff
28400,Francisco José,MILLÁN MON,1,2019-07-02,,1955-03-08,es,,EPP,Partido Popular,,,9,5518,
28399,Antonio,LÓPEZ-ISTÚRIZ WHITE,1,2019-07-02,,1970-04-01,es,,EPP,Partido Popular,,,9,5517,
28390,Pilar,del CASTILLO VERA,1,2019-07-02,,1952-07-31,es,,EPP,Partido Popular,,,9,5508,fb4
28389,Zbigniew,KUŹMIUK,1,2019-07-02,2023-10-18,1956-09-19,pl,,ECR,Prawo i Sprawiedliwość,,,9,5507,
28372,Ryszard,CZARNECKI,1,2019-07-02,,1963-01-25,pl,,ECR,Prawo i Sprawiedliwość,,,9,5490,vdw
28353,Anna,FOTYGA,1,2019-07-02,,1957-01-12,pl,,ECR,Prawo i Sprawiedliwość,,,9,5472,gg1
28347,Javier,MORENO SÁNCHEZ,1,2019-07-02,,1965-03-12,es,,S&D,Partido Socialista Obrero Español,,,9,5466,d86
28346,Mercedes,BRESSO,1,2023-04-06,,1944-07-12,it,,S&D,Partito Democratico,,,9,5465,
28340,Patrizia,TOIA,1,2019-07-02,,1950-03-17,it,,S&D,Partito Democratico,,,9,5459,
28298,Iratxe,GARCÍA PÉREZ,1,2019-07-02,,1974-10-07,es,,S&D,Partido Socialista Obrero Español,,,9,5417,wev
28297,Jacek,SARYUSZ-WOLSKI,1,2019-07-02,,1948-09-19,pl,,ECR,Prawo i Sprawiedliwość,,,9,5416,vbx
28294,Ljudmila,NOVAK,1,2019-07-02,,1959-08-01,si,,EPP,Nova Slovenija – Krščanski demokrati,,,9,5413,b87
28288,Jan,OLBRYCHT,1,2019-07-02,,1952-09-21,pl,,EPP,Platforma Obywatelska,,,9,5407,
28269,Jerzy,BUZEK,1,2019-07-02,,1940-07-03,pl,,EPP,Platforma Obywatelska,,,9,5388,
28266,Sophia,IN 'T VELD,1,2019-07-02,,1963-09-13,nl,,Renew,Independent,,,9,5385,r22j
28229,Manfred,WEBER,1,2019-07-02,,1972-07-14,de,,EPP,Christlich-Soziale Union in Bayern e.V.,,,9,5351,6f6
28226,Christian,EHLER,1,2019-07-02,,1963-08-17,de,,EPP,Christlich Demokratische Union Deutschlands,,,9,5348,keh
28224,Markus,PIEPER,1,2019-07-02,,1963-05-15,de,,EPP,Christlich Demokratische Union Deutschlands,,,9,5346,
28223,Andreas,SCHWAB,1,2019-07-02,,1973-04-09,de,,EPP,Christlich Demokratische Union Deutschlands,,,9,5345,cbp
28219,Daniel,CASPARY,1,2019-07-02,,1976-04-04,de,,EPP,Christlich Demokratische Union Deutschlands,,,9,5341,kcj
28161,Margrete,AUKEN,1,2019-07-02,,1945-01-06,dk,,Greens/EFA,Socialistisk Folkeparti,,,9,5291,
28150,Kinga,GÁL,1,2019-07-02,,1970-09-06,hu,,NA,Fidesz-Magyar Polgári Szövetség-Kereszténydemokrata Néppárt,,,9,5280,rge
28141,Lívia,JÁRÓKA,1,2019-07-02,,1974-10-06,hu,,NA,Fidesz-Magyar Polgári Szövetség-Kereszténydemokrata Néppárt,,,9,5271,2bb
28122,David,CASA,1,2019-07-02,,1968-11-16,mt,,EPP,Partit Nazzjonalista,,,9,5252,hh0
28115,Mairead,McGUINNESS,1,2019-07-02,2020-10-11,1959-06-13,ie,,EPP,Fine Gael Party,,,9,5245,
27714,Edina,TÓTH,1,2019-07-02,,1975-03-11,hu,,NA,Fidesz-Magyar Polgári Szövetség-Kereszténydemokrata Néppárt,,,9,6965,utq
26837,Lefteris,CHRISTOFOROU,1,2019-07-02,2022-11-01,1963-08-31,cy,,EPP,Democratic Rally,,,9,5236,
24942,Ana,MIRANDA,1,2022-09-05,,1971-05-02,es,,Greens/EFA,Bloque Nacionalista Galego,,,9,6251,ybd
24922,Pascal,ARIMONT,1,2019-07-02,,1974-09-25,be,,EPP,Christlich Soziale Partei,,,9,6594,tdx
24594,Anne,SANDER,1,2019-07-02,,1973-10-01,fr,,EPP,Les Républicains,,,9,6370,7c7
24505,Emmanuel,MAUREL,1,2019-07-02,,1973-05-10,fr,,GUE/NGL,Gauche républicaine et socialiste,,,9,6354,zg9
23868,Monika,BEŇOVÁ,1,2019-07-02,,1968-08-15,sk,,NA,SMER-Sociálna demokracia,,,9,5173,kgz
23821,József,SZÁJER,1,2019-07-02,2021-01-01,1961-09-07,hu,,EPP,Fidesz-Magyar Polgári Szövetség-Kereszténydemokrata Néppárt,,,9,5143,
23816,András,GYÜRK,1,2019-07-02,,1972-12-02,hu,,NA,Fidesz-Magyar Polgári Szövetség-Kereszténydemokrata Néppárt,,,9,5138,3ds
23788,Adam,BIELAN,1,2019-07-02,,1974-09-12,pl,,ECR,Prawo i Sprawiedliwość,,,9,5112,y7x
23781,Janusz,LEWANDOWSKI,1,2019-07-02,,1951-06-13,pl,,EPP,Platforma Obywatelska,,,9,5105,b6xq
23768,Bogusław,LIBERADZKI,1,2019-07-02,,1948-09-12,pl,,S&D,Nowa Lewica,,,9,5094,
23712,Jan,ZAHRADIL,1,2019-07-02,,1963-03-20,cz,,ECR,Občanská demokratická strana,,,9,5052,
23699,Kateřina,KONEČNÁ,1,2019-07-02,,1981-01-20,cz,,GUE/NGL,Komunistická strana Čech a Moravy,,,9,5039,1bu
22858,Fabienne,KELLER,1,2019-07-02,,1959-10-20,fr,,Renew,Agir - La Droite constructive,,,9,5021,48b
5729,Kathleen,VAN BREMPT,1,2019-07-02,,1969-11-18,be,,S&D,Vooruit,,,9,4990,qcz
5565,Brice,HORTEFEUX,1,2019-07-02,,1958-05-11,fr,,EPP,Les Républicains,,,9,4987,1dt
5392,Lara,WOLTERS,1,2019-07-04,,1986-04-12,nl,,S&D,Partij van de Arbeid,,,9,7249,9uy
4746,Sergio,BERLATO,1,2020-02-01,,1959-07-27,it,,ECR,FRATELLI D' ITALIA,,,9,4978,
4560,Antonius,MANDERS,1,2019-07-02,,1956-03-14,nl,,EPP,Christen Democratisch Appèl,,,9,4964,
4555,Daniel,HANNAN,1,2019-07-02,2020-01-31,,gb,,ECR,Conservative Party,,,9,4959,
4554,Chris,DAVIES,1,2019-07-02,2020-01-31,,gb,,Renew,Liberal Democrats,,,9,4958,
4550,Jill,EVANS,1,2019-07-02,2020-01-31,,gb,,Greens/EFA,Plaid Cymru - Party of Wales,,,9,4954,
4533,Neena,GILL,1,2019-07-02,2020-01-31,1956-12-24,gb,,S&D,Labour Party,,,9,4937,
4525,Nigel,FARAGE,1,2019-07-02,2020-01-31,,gb,,NI,The Brexit Party,,,9,4929,
4519,Claude,MORAES,1,2019-07-02,2020-01-31,,gb,,S&D,Labour Party,,,9,4923,
4513,Geoffrey,VAN ORDEN,1,2019-07-02,2020-01-31,,gb,,ECR,Conservative Party,,,9,4917,
4465,Raffaele,FITTO,1,2019-07-02,2022-10-12,1969-08-28,it,,ECR,FRATELLI D' ITALIA,,,9,4880,
4391,Silvio,BERLUSCONI,1,2019-07-02,2022-10-12,1936-09-29,it,,EPP,Forza Italia,,,9,4806,
4344,María Soraya,RODRÍGUEZ RAMOS,1,2019-07-02,,1963-12-01,es,,Renew,Ciudadanos – Partido de la Ciudadanía,,,9,4767,8-88
4289,Angelika,NIEBLER,1,2019-07-02,,1963-02-18,de,,EPP,Christlich-Soziale Union in Bayern e.V.,,,9,4712,g8n
4267,Udo,BULLMANN,1,2019-07-02,,1956-06-08,de,,S&D,Sozialdemokratische Partei Deutschlands,,,9,4690,j8m
4253,Frédérique,RIES,1,2019-07-02,,1959-05-14,be,,Renew,Mouvement Réformateur,,,9,4676,
4246,Othmar,KARAS,1,2019-07-02,,1957-12-24,at,,EPP,Österreichische Volkspartei,,,9,4669,
2341,Michael,GAHLER,1,2019-07-02,,1960-04-22,de,,EPP,Christlich Demokratische Union Deutschlands,,,9,4659,6cr
2323,Rainer,WIELAND,1,2019-07-02,,1957-02-19,de,,EPP,Christlich Demokratische Union Deutschlands,,,9,4643,t9g
2309,Richard,CORBETT,1,2019-07-02,2020-01-31,,gb,,S&D,Labour Party,,,9,4628,
2187,Antonio,TAJANI,1,2019-07-02,2022-10-12,1953-08-04,it,,EPP,Forza Italia,,,9,4482,
2054,Heidi,HAUTALA,1,2019-07-02,,1955-11-14,fi,,Greens/EFA,Vihreä liitto,,,9,4535,
1992,José Manuel,GARCÍA-MARGALLO Y MARFIL,1,2019-07-02,,1944-08-13,es,,EPP,Partido Popular,,,9,3980,
1927,Peter,LIESE,1,2019-07-02,,1965-05-20,de,,EPP,Christlich Demokratische Union Deutschlands,,,9,3855,fek
1917,Markus,FERBER,1,2019-07-02,,1965-01-15,de,,EPP,Christlich-Soziale Union in Bayern e.V.,,,9,3833,dem
1913,Evelyne,GEBHARDT,1,2019-07-02,2022-02-01,1954-01-19,de,,S&D,Sozialdemokratische Partei Deutschlands,,,9,3827,
1909,Bernd,LANGE,1,2019-07-02,,1955-11-14,de,,S&D,Sozialdemokratische Partei Deutschlands,,,9,3823,f9n
1892,Carlos,COELHO,1,2023-07-07,,1960-05-20,pt,,EPP,Partido Social Democrata,,,9,3800,gdk
1854,Constanze,KREHL,1,2019-07-02,2022-10-02,1956-10-14,de,,S&D,Sozialdemokratische Partei Deutschlands,,,9,3761,
1394,Bill,NEWTON DUNN,1,2019-07-02,2020-01-31,,gb,,Renew,Liberal Democrats,,,9,1141,
840,Charles,GOERENS,1,2019-07-02,,1952-02-06,lu,,Renew,Parti démocratique,,,9,1793,zcc
