mep,109166,110894,157271,157321,157420,160818,160956,162046,162314,164096,164186,168864
1394,1,1,,,,,,,,,,
840,X,1,-1,-1,1,-1,1,-1,1,-1,-1,-1
1854,1,1,,,,,,,,,,
1892,,,1,1,-1,-1,1,1,1,0,-1,-1
1909,1,1,-1,-1,1,-1,1,-1,X,-1,-1,X
1913,1,1,,,,,,,,,,
1917,1,-1,1,1,-1,-1,1,1,1,-1,-1,-1
1927,1,-1,1,1,-1,-1,1,1,X,-1,-1,-1
1992,1,-1,1,1,-1,X,X,X,1,X,X,-1
2187,0,-1,,,,,,,,,,
2054,1,1,-1,-1,1,-1,1,-1,1,1,1,1
2309,1,1,,,,,,,,,,
2323,1,-1,1,1,-1,-1,1,1,1,-1,-1,-1
2341,1,-1,1,1,-1,-1,1,1,1,-1,-1,-1
4246,1,-1,1,1,1,-1,1,1,1,-1,X,-1
4253,1,1,-1,-1,1,X,X,X,X,X,X,-1
4267,1,1,-1,-1,1,-1,1,X,1,X,-1,X
4289,1,-1,1,1,-1,-1,1,1,1,-1,-1,-1
4344,1,1,-1,-1,1,-1,1,-1,1,-1,-1,-1
4391,X,X,,,,,,,,,,
4465,1,-1,,,,,,,,,,
4513,X,X,,,,,,,,,,
4519,1,1,,,,,,,,,,
4525,X,-1,,,,,,,,,,
4533,1,1,,,,,,,,,,
4550,1,1,,,,,,,,,,
4554,X,1,,,,,,,,,,
4555,X,-1,,,,,,,,,,
4560,1,0,1,1,-1,-1,1,1,1,-1,1,-1
4746,,,1,1,-1,1,-1,1,1,-1,1,-1
5565,1,-1,1,1,-1,-1,1,1,1,-1,-1,-1
5729,1,1,-1,-1,1,-1,1,-1,1,-1,-1,1
22858,1,1,-1,-1,1,-1,1,-1,1,-1,-1,-1
23699,1,1,0,1,X,1,1,-1,1,1,X,-1
23712,0,-1,1,1,X,1,-1,1,0,-1,1,-1
23768,1,1,-1,-1,1,-1,1,-1,1,0,-1,-1
23781,1,-1,1,1,-1,-1,1,1,1,-1,-1,-1
23788,0,-1,1,1,-1,1,-1,1,1,1,-1,X
23816,-1,X,1,1,-1,1,-1,1,X,X,X,X
23821,-1,X,,,,,,,,,,
23868,1,1,1,1,1,1,1,X,X,1,X,X
26837,1,0,,,,,,,,,,
28115,1,-1,,,,,,,,,,
28122,1,-1,1,1,1,-1,1,1,1,-1,-1,-1
28141,X,X,1,1,-1,X,X,X,X,0,-1,-1
28150,-1,-1,1,1,-1,1,-1,X,1,X,X,-1
28161,1,1,-1,-1,1,-1,1,-1,1,0,0,1
28219,-1,-1,1,1,-1,-1,1,1,1,-1,-1,X
28223,-1,-1,1,1,-1,1,1,1,-1,-1,-1,-1
28224,1,-1,1,1,-1,1,1,X,1,-1,-1,-1
28226,1,X,1,1,-1,X,X,1,-1,-1,-1,-1
28229,0,X,1,1,-1,-1,1,1,1,X,X,-1
28266,1,1,-1,-1,1,-1,1,-1,1,-1,-1,1
28269,1,-1,1,1,-1,-1,1,1,X,X,X,-1
28288,1,-1,1,1,-1,-1,1,1,1,-1,-1,-1
28294,X,-1,1,1,-1,-1,1,1,1,-1,-1,X
28297,X,-1,X,1,-1,1,-1,1,0,1,-1,-1
28298,1,1,-1,-1,1,-1,1,-1,1,-1,X,-1
28340,1,1,-1,-1,1,-1,1,-1,X,-1,0,-1
28346,,,-1,-1,1,-1,1,-1,1,-1,1,X
28347,1,1,-1,-1,1,-1,1,-1,1,-1,1,-1
28353,0,-1,1,1,-1,1,-1,1,0,1,-1,-1
28372,0,-1,1,1,-1,1,-1,1,X,-1,-1,-1
28389,1,-1,1,1,-1,,,,,,,
28390,-1,-1,1,1,-1,-1,1,1,-1,-1,-1,-1
28399,-1,-1,1,1,-1,-1,X,1,1,-1,-1,-1
28400,-1,X,1,1,-1,-1,-1,1,1,-1,-1,-1
28429,,,1,1,-1,-1,1,1,1,X,X,X
28508,1,,,,,,,,,,,
28586,1,1,-1,-1,1,-1,X,-1,1,X,X,X
28615,0,0,1,1,-1,1,-1,-1,X,X,X,-1
28617,1,-1,1,1,1,-1,-1,1,1,-1,-1,-1
28619,1,1,-1,-1,1,-1,1,-1,1,1,-1,-1
29579,1,1,-1,-1,1,-1,1,-1,1,-1,-1,-1
33982,1,-1,1,1,-1,1,1,1,1,-1,-1,-1
33997,1,X,-1,1,X,-1,1,X,X,-1,-1,X
36392,0,X,X,X,X,-1,1,X,X,-1,1,X
37312,1,1,-1,-1,1,-1,1,-1,1,-1,1,1
37324,0,,,,,,,,,,,
38398,1,-1,1,1,-1,-1,1,1,1,-1,X,
38420,1,-1,1,1,-1,-1,1,X,1,-1,-1,X
38595,1,1,0,1,1,-1,1,-1,1,-1,-1,-1
39725,-1,-1,1,1,-1,1,1,1,X,-1,-1,-1
40599,1,1,-1,-1,1,-1,1,-1,X,1,-1,X
96646,1,1,-1,-1,1,-1,1,-1,1,1,-1,1
96648,1,1,-1,-1,1,-1,1,-1,1,1,-1,1
96653,,,-1,1,1,1,1,X,1,1,-1,-1
96668,1,-1,-1,-1,1,-1,1,1,1,-1,-1,-1
96681,-1,1,X,X,X,-1,1,-1,X,-1,1,1
96697,1,-1,1,1,1,1,-1,1,0,1,-1,-1
96698,1,1,-1,-1,1,0,1,-1,X,X,X,X
96706,1,1,,,,,,,,,,
96709,-1,1,1,1,1,-1,1,-1,1,-1,-1,1
96711,1,1,-1,-1,1,-1,1,-1,1,-1,-1,-1
96713,0,-1,1,1,0,1,-1,1,X,-1,1,-1
96725,1,1,-1,-1,1,-1,1,X,X,1,-1,1
96730,1,1,,,,,,,,,,
96734,X,1,-1,-1,1,-1,1,-1,1,1,-1,1
96739,1,1,-1,-1,1,-1,1,-1,1,1,-1,1
96740,1,1,-1,-1,1,,,,,,,
96743,1,1,X,X,X,-1,1,-1,,,,
96747,1,-1,1,1,-1,-1,1,1,1,-1,-1,-1
96750,1,1,-1,-1,1,-1,1,-1,1,X,X,1
96752,1,1,-1,-1,1,-1,1,-1,1,1,-1,1
96756,1,-1,1,1,-1,0,1,1,-1,X,X,-1
96761,-1,-1,1,1,-1,X,X,X,X,-1,-1,-1
96771,0,-1,1,1,-1,0,1,1,1,-1,-1,-1
96772,-1,-1,1,1,-1,1,1,1,1,-1,-1,-1
96775,,,X,X,X,-1,1,X,1,X,X,-1
96776,1,1,-1,-1,1,-1,1,-1,X,1,-1,X
96779,1,1,X,1,X,-1,1,0,1,-1,-1,-1
96780,1,-1,1,1,-1,X,1,1,-1,-1,-1,X
96787,0,-1,1,1,-1,-1,1,1,1,-1,-1,-1
96791,1,1,X,X,X,-1,1,X,1,1,-1,-1
96796,0,-1,1,1,-1,1,-1,X,0,X,X,-1
96801,0,-1,1,1,-1,X,X,1,0,1,-1,-1
96808,-1,-1,1,1,-1,-1,-1,1,1,X,X,-1
96809,1,-1,1,0,0,,,,,,,
96810,1,-1,1,1,-1,1,1,X,1,-1,1,-1
96811,-1,-1,1,1,-1,-1,-1,1,1,-1,-1,-1
96812,1,1,-1,-1,1,-1,1,-1,1,-1,1,-1
96820,1,1,-1,-1,1,-1,1,-1,1,1,-1,
96826,-1,-1,1,X,-1,1,-1,X,1,0,-1,-1
96829,-1,-1,1,1,-1,X,X,X,1,0,-1,-1
96830,-1,-1,1,1,-1,1,-1,1,1,0,-1,-1
96833,1,1,-1,-1,1,-1,1,X,1,-1,-1,1
96837,1,1,-1,-1,1,X,X,X,1,-1,-1,X
96842,1,1,,,,,,,,,,
96844,1,1,,,,,,,,,,
96852,1,1,-1,-1,1,-1,1,X,1,1,-1,1
96867,1,-1,1,1,-1,-1,1,1,1,-1,-1,
96868,1,1,-1,-1,1,-1,1,X,1,1,-1,1
96880,1,1,X,X,X,-1,1,X,1,1,-1,1
96885,1,1,-1,-1,1,-1,1,-1,1,-1,-1,-1
96891,0,1,0,1,X,-1,1,X,1,-1,1,-1
96892,,,,,,,,,,,,
96899,1,-1,1,1,-1,-1,1,1,1,-1,-1,
96903,1,-1,1,1,-1,-1,1,X,1,-1,-1,
96911,1,1,,,,,,,,,,
96922,1,-1,-1,-1,0,-1,1,-1,1,-1,-1,-1
96932,1,1,-1,-1,1,-1,1,-1,1,-1,-1,X
96933,0,-1,1,1,-1,-1,1,1,1,X,X,-1
96934,1,-1,1,1,-1,X,X,X,1,-1,-1,-1
96936,,,1,1,-1,-1,1,1,1,-1,-1,-1
96951,0,-1,,,,,,,,,,
96952,1,1,-1,-1,1,-1,1,-1,1,-1,-1,1
96955,1,1,,,,,,,,,,
96978,1,-1,1,1,-1,-1,1,X,1,-1,-1,
96991,1,1,-1,-1,1,-1,1,-1,1,-1,1,-1
96998,1,1,-1,-1,1,-1,1,-1,1,1,-1,1
97058,1,1,-1,-1,1,-1,1,-1,1,-1,-1,-1
97133,0,-1,,,,,,,,,,
97198,1,-1,,,,,,,,,,
97968,0,-1,1,1,-1,-1,-1,1,0,0,0,-1
111011,0,X,,,,,,,,,,
30482,1,1,-1,-1,1,X,X,X,1,1,-1,1
24942,,,-1,-1,X,-1,1,-1,X,1,-1,0
112014,1,1,,,,,,,,,,
112611,1,-1,1,1,-1,-1,1,1,1,-1,1,-1
112744,1,1,-1,-1,1,-1,1,-1,1,1,-1,-1
112747,,,-1,-1,1,X,X,X,1,-1,-1,-1
112748,1,1,-1,-1,1,-1,1,-1,1,1,-1,-1
113892,X,X,,,,,,,,,,
113959,1,X,,,,,,,,,,
114268,1,1,-1,-1,1,-1,1,-1,1,-1,-1,-1
118859,1,-1,X,X,X,X,X,X,X,X,X,X
119431,0,-1,,,,,,,,,,
119434,0,,,,,,,,,,,
120478,1,1,-1,-1,1,X,X,-1,1,1,-1,1
124586,-1,-1,X,X,X,1,-1,1,1,0,-1,X
124691,1,1,-1,-1,1,-1,1,X,1,X,-1,X
124692,1,1,-1,-1,1,-1,1,X,1,-1,-1,X
124693,1,1,-1,-1,1,-1,1,-1,1,1,-1,1
124696,-1,1,-1,-1,1,-1,1,-1,1,-1,-1,-1
124700,X,1,1,-1,0,-1,1,-1,1,-1,-1,-1
124701,1,0,0,-1,1,-1,1,0,1,-1,-1,-1
124704,1,-1,-1,0,1,-1,1,X,1,-1,-1,-1
124705,1,1,X,X,X,X,X,X,1,-1,-1,-1
124708,1,-1,1,1,0,-1,1,-1,1,-1,1,-1
124709,1,-1,1,1,0,X,X,X,X,-1,1,-1
124710,1,-1,1,1,1,0,1,1,1,-1,-1,-1
124712,-1,-1,1,1,-1,X,X,X,1,0,-1,-1
124713,1,-1,1,1,-1,-1,1,1,1,-1,-1,-1
124714,-1,-1,1,1,-1,1,-1,1,1,0,-1,-1
124715,-1,-1,1,1,-1,-1,-1,X,1,0,-1,-1
124722,1,1,X,X,X,-1,1,X,1,X,X,-1
24505,1,1,-1,-1,1,-1,1,-1,1,1,-1,1
124726,1,-1,1,1,-1,-1,1,1,1,-1,-1,-1
124734,1,X,1,1,-1,-1,1,1,1,-1,-1,
124735,1,1,-1,-1,1,-1,1,-1,1,X,X,-1
72779,1,-1,1,1,-1,-1,1,1,1,-1,-1,-1
24594,1,-1,1,1,-1,-1,-1,1,1,-1,-1,-1
124738,1,1,1,1,-1,1,1,1,1,-1,1,-1
124739,1,1,-1,-1,1,-1,1,-1,1,-1,-1,X
124747,1,1,-1,-1,1,-1,1,-1,1,-1,-1,-1
124760,1,1,1,1,-1,1,-1,1,1,-1,-1,X
124765,1,1,,,,,,,,,,
124766,-1,1,-1,-1,1,-1,1,-1,1,-1,-1,-1
124770,1,1,1,1,-1,X,X,X,X,X,X,X
124771,1,1,1,1,-1,X,X,X,1,-1,1,-1
124777,1,1,-1,-1,1,-1,1,-1,1,1,1,-1
124779,1,1,,,,,,,,,,
124780,1,-1,1,1,-1,1,0,1,1,-1,1,-1
124781,1,1,-1,-1,1,-1,1,1,1,-1,-1,-1
124784,1,1,0,1,1,-1,1,X,1,-1,X,-1
124785,1,1,1,1,X,-1,1,1,1,0,X,X
124799,1,1,-1,-1,1,-1,1,-1,1,-1,0,-1
124802,1,-1,1,1,-1,-1,1,1,1,-1,-1,-1
124806,0,-1,1,1,-1,X,1,1,0,-1,-1,-1
124807,-1,-1,1,1,-1,-1,1,1,1,-1,-1,-1
124808,-1,-1,1,1,-1,0,1,1,1,-1,-1,-1
124809,-1,X,,,,,,,,,,
124812,1,1,-1,-1,1,-1,1,-1,1,-1,-1,1
124814,1,1,,,,,,,,,,
124818,1,1,,,,,,,,,,
124821,1,1,-1,-1,1,-1,1,-1,1,-1,-1,-1
124822,1,1,-1,-1,1,-1,1,-1,1,-1,-1,1
124828,0,-1,1,1,-1,-1,1,X,1,X,X,X
124831,1,1,1,1,-1,X,X,X,1,X,-1,X
124833,1,X,-1,-1,1,-1,1,-1,1,1,-1,X
124834,1,1,-1,-1,1,-1,1,-1,1,1,-1,1
124835,1,1,-1,-1,1,-1,1,-1,1,1,-1,1
124836,1,1,-1,-1,1,-1,1,-1,1,1,-1,1
124837,1,1,-1,-1,1,-1,1,-1,1,-1,-1,1
124844,1,1,-1,-1,1,-1,1,-1,1,1,-1,X
98341,0,-1,1,1,-1,-1,1,X,1,0,0,-1
124846,1,1,-1,-1,1,-1,1,-1,1,-1,-1,X
124850,1,X,1,1,-1,X,X,X,1,1,0,-1
124852,1,1,-1,-1,1,X,X,X,X,1,-1,X
124856,1,1,-1,-1,1,-1,1,-1,1,1,-1,1
124861,1,1,X,X,X,-1,1,1,1,-1,-1,-1
124862,-1,1,1,1,-1,-1,0,1,X,-1,-1,-1
124866,-1,1,1,1,0,-1,1,-1,1,0,1,-1
124867,1,1,-1,-1,1,1,1,-1,1,-1,-1,X
124872,1,1,-1,-1,1,-1,1,X,X,-1,-1,1
124873,X,-1,1,1,-1,1,-1,1,0,X,X,-1
124875,,,1,1,-1,1,-1,1,1,-1,1,-1
124877,0,-1,X,1,-1,1,-1,1,0,1,-1,X
124884,0,-1,1,1,-1,1,-1,1,0,1,-1,-1
124887,0,-1,1,1,-1,1,-1,1,0,X,X,X
103381,1,1,-1,-1,1,-1,1,-1,1,1,-1,1
124891,1,-1,1,1,-1,1,-1,1,0,1,-1,-1
124895,1,-1,1,1,-1,,,,,,,
124929,1,-1,1,1,-1,-1,1,1,1,-1,-1,-1
124934,1,1,-1,-1,1,-1,1,-1,1,1,-1,1
124936,1,1,-1,-1,1,-1,1,-1,1,1,-1,1
124942,1,1,,,,,,,,,,
124952,1,1,,,,,,,,,,
124953,1,1,,,,,,,,,,
124961,1,1,,,,,,,,,,
124963,1,1,,,,,,,,,,
124965,0,-1,,,,,,,,,,
124970,1,1,,,,,,,,,,
124972,1,1,-1,-1,1,,,,,,,
95074,1,-1,X,X,X,-1,1,1,1,-1,1,-1
124973,X,0,1,1,-1,1,-1,1,1,-1,1,-1
24922,1,1,1,1,-1,-1,1,-1,1,1,1,-1
124985,1,1,-1,-1,1,-1,1,-1,1,1,-1,0
124986,1,X,,,,,,,,,,
124988,,,-1,-1,1,-1,1,1,1,-1,-1,-1
124989,1,1,,,,,,,,,,
124991,1,1,,,,,,,,,,
124992,1,X,-1,-1,1,-1,1,-1,1,1,-1,X
124996,0,1,1,1,-1,1,-1,1,0,-1,1,-1
125001,1,0,1,1,-1,1,-1,1,0,1,-1,X
125004,1,-1,1,1,-1,-1,1,1,1,-1,-1,-1
125005,1,1,X,X,X,-1,1,1,X,-1,-1,-1
125012,1,-1,1,1,-1,1,1,1,1,-1,-1,-1
58789,1,X,1,1,-1,-1,1,1,X,-1,-1,-1
125020,1,X,-1,-1,1,-1,1,X,1,-1,-1,1
125021,1,1,-1,-1,1,-1,1,X,1,-1,-1,1
37229,1,1,,,,,,,,,,
38511,1,0,1,1,-1,1,-1,1,0,1,-1,-1
125023,1,1,X,X,X,-1,1,-1,1,1,-1,X
125025,,,-1,1,-1,X,X,X,X,X,X,1
125027,-1,-1,X,X,X,,,,,,,
125030,1,-1,1,1,-1,X,X,X,1,-1,1,-1
125038,1,1,-1,-1,1,-1,1,-1,X,-1,-1,-1
125042,1,1,-1,-1,1,-1,1,-1,X,-1,1,1
125043,1,1,-1,-1,1,-1,1,-1,1,-1,1,X
125045,0,-1,-1,-1,1,-1,1,0,1,-1,1,-1
125046,1,1,-1,-1,1,-1,1,-1,1,-1,1,-1
125063,0,0,-1,-1,1,-1,1,-1,1,-1,-1,-1
125064,1,1,1,1,-1,-1,-1,1,X,-1,-1,X
125065,1,-1,1,1,-1,-1,1,X,1,-1,-1,-1
125067,X,-1,X,X,X,X,X,X,1,-1,-1,X
125068,X,X,1,1,-1,-1,1,1,1,-1,-1,X
125093,1,0,-1,0,-1,X,0,X,-1,1,-1,0
125104,1,-1,1,1,-1,-1,-1,1,1,-1,-1,-1
125106,1,1,1,1,1,-1,-1,X,X,-1,1,-1
125109,1,1,-1,-1,1,-1,1,0,X,0,-1,0
125110,1,1,,,,,,,,,,
125128,-1,1,1,1,0,-1,1,-1,1,X,X,X
88882,,,0,1,1,-1,1,X,1,X,X,-1
125214,1,1,-1,-1,1,-1,1,-1,1,0,-1,0
125237,1,1,-1,-1,1,-1,1,X,1,-1,-1,-1
125670,0,-1,1,1,-1,-1,1,1,1,-1,-1,X
125706,1,1,-1,1,1,-1,1,-1,1,X,X,-1
129073,1,1,-1,-1,1,-1,1,-1,1,-1,-1,-1
129164,,,1,1,-1,X,X,X,1,-1,-1,-1
107212,0,-1,1,1,-1,1,1,1,0,0,0,-1
130100,1,1,1,1,-1,-1,1,1,1,-1,-1,-1
130833,1,1,-1,-1,1,X,X,X,X,X,X,X
131507,1,1,-1,-1,1,-1,1,-1,1,1,-1,1
132366,,,1,1,-1,1,-1,1,1,-1,1,-1
136236,,,-1,-1,1,-1,1,X,1,1,-1,-1
183338,,,-1,-1,1,-1,1,-1,1,1,-1,1
183793,1,-1,1,1,-1,1,0,X,X,-1,1,X
185341,0,-1,1,1,-1,-1,1,1,1,1,-1,-1
185619,1,1,-1,-1,1,-1,1,X,1,-1,-1,1
185974,,,-1,-1,1,-1,1,-1,1,1,-1,0
188636,1,1,,,,,,,,,,
188733,0,-1,,,,,,,,,,
188945,1,-1,1,1,-1,-1,1,1,X,-1,-1,-1
189065,1,1,1,1,-1,1,1,1,1,-1,1,-1
189391,0,-1,,,,,,,,,,
189525,0,-1,1,1,-1,-1,1,1,0,0,0,-1
190099,1,1,,,,,,,,,,
190464,,,-1,-1,1,-1,1,-1,1,1,-1,1
190517,X,1,-1,-1,1,-1,1,-1,1,1,-1,1
190518,-1,-1,1,1,-1,1,-1,1,1,-1,1,-1
190519,1,1,1,1,-1,-1,1,1,1,-1,-1,-1
190713,0,-1,1,1,-1,-1,-1,1,1,0,-1,-1
190774,1,-1,1,1,-1,-1,-1,1,X,-1,-1,-1
191693,-1,1,1,-1,-1,-1,1,-1,1,-1,-1,-1
192634,1,1,-1,-1,1,-1,1,X,1,X,X,X
192635,1,-1,1,1,-1,1,0,1,1,-1,1,X
193273,1,1,X,X,X,X,X,-1,X,1,-1,X
193292,1,1,-1,-1,1,-1,1,-1,1,1,-1,1
193419,1,1,1,1,-1,,,,,,,
197390,1,-1,1,1,-1,-1,1,1,0,-1,-1,-1
197391,1,1,-1,-1,1,-1,1,-1,1,-1,1,-1
197392,1,1,-1,-1,1,-1,1,-1,1,-1,1,-1
197393,1,-1,1,1,-1,-1,1,1,X,X,X,-1
197394,1,1,-1,-1,1,X,X,X,1,-1,-1,-1
197395,1,1,-1,-1,1,-1,1,-1,1,1,-1,1
197396,1,1,-1,-1,1,X,X,X,X,X,X,
197398,1,1,-1,-1,1,-1,1,-1,X,1,-1,1
197399,0,1,,,,,,,,,,
197400,1,1,-1,-1,1,-1,1,1,1,-1,-1,-1
197401,1,1,-1,-1,1,-1,1,-1,1,-1,-1,-1
197402,X,-1,1,1,-1,-1,1,1,0,-1,-1,-1
197403,1,1,-1,-1,1,-1,1,X,1,-1,-1,X
197404,1,-1,1,1,-1,-1,1,1,0,-1,-1,-1
197405,1,X,1,1,-1,-1,1,1,X,-1,-1,-1
197406,1,-1,1,1,-1,-1,1,1,0,-1,-1,-1
38542,1,1,,,,,,,,,,
197408,0,X,1,1,-1,-1,1,X,1,-1,-1,-1
123562,0,1,1,1,-1,1,-1,1,-1,-1,1,-1
197410,X,-1,1,1,-1,-1,1,1,1,X,X,-1
99945,-1,X,1,1,-1,0,1,X,1,-1,-1,-1
197412,-1,X,1,1,-1,-1,1,1,1,-1,-1,-1
197413,0,-1,1,1,-1,-1,1,X,1,1,-1,-1
197414,1,0,X,X,X,-1,1,X,1,-1,-1,X
197415,1,1,-1,-1,1,-1,1,X,1,1,-1,X
197416,1,1,-1,-1,1,-1,1,X,X,1,-1,X
197417,0,-1,1,1,-1,-1,1,1,1,1,-1,-1
197418,1,1,X,X,X,-1,1,-1,1,-1,-1,-1
197419,1,1,-1,-1,0,-1,1,-1,1,-1,-1,-1
197420,-1,1,,,,,,,,,,
197421,1,1,1,1,-1,X,X,1,1,-1,-1,-1
197422,0,-1,1,1,-1,-1,1,X,1,-1,-1,-1
197423,1,1,-1,-1,1,-1,1,-1,1,1,-1,X
197425,-1,-1,1,1,-1,-1,1,1,1,-1,-1,-1
197426,-1,-1,1,1,-1,0,1,1,1,-1,-1,-1
197427,0,-1,1,1,-1,-1,1,1,1,-1,-1,-1
197428,1,,,,,,,,,,,
197429,1,-1,1,1,-1,-1,1,1,1,-1,-1,-1
197430,-1,1,1,1,-1,-1,0,1,1,-1,-1,-1
197431,1,1,-1,-1,1,-1,1,-1,1,1,0,1
197432,-1,1,1,1,-1,-1,1,1,1,-1,-1,-1
197433,1,1,-1,-1,1,X,X,X,1,1,-1,X
197434,1,1,-1,-1,1,-1,1,-1,X,1,X,X
197435,0,1,-1,-1,1,-1,1,-1,1,-1,-1,X
197436,X,1,1,1,-1,-1,1,1,1,,,
197437,-1,1,1,1,-1,-1,1,1,1,,,
197438,1,X,1,X,-1,1,-1,1,-1,-1,0,-1
197439,1,1,-1,-1,1,-1,1,X,1,-1,-1,1
197440,1,1,-1,-1,1,-1,1,-1,X,-1,-1,1
197441,1,1,-1,-1,1,-1,1,-1,1,1,-1,-1
197443,-1,1,1,1,-1,-1,1,1,1,-1,-1,-1
197444,-1,1,1,1,-1,-1,1,1,1,-1,-1,-1
197445,-1,1,1,1,-1,-1,1,1,1,-1,-1,-1
197446,1,1,-1,-1,1,-1,1,-1,1,-1,-1,-1
197447,1,1,-1,-1,1,-1,1,-1,1,-1,-1,-1
197448,1,1,-1,-1,1,-1,1,-1,1,1,-1,1
197449,1,1,-1,-1,1,X,X,X,X,1,-1,X
86793,X,1,-1,-1,1,-1,1,-1,1,1,-1,1
197451,1,1,-1,-1,1,-1,1,-1,1,0,1,1
197452,1,1,-1,-1,1,-1,1,-1,1,-1,-1,-1
197453,1,1,-1,-1,1,-1,1,X,1,1,-1,1
106936,1,1,-1,-1,1,-1,1,-1,1,1,-1,1
197455,1,1,1,1,-1,-1,X,-1,1,-1,-1,-1
183916,1,1,-1,-1,1,-1,1,-1,1,1,-1,1
197457,X,1,-1,-1,1,-1,1,-1,1,1,-1,1
197458,-1,1,0,0,1,-1,1,-1,1,1,1,-1
197459,1,1,-1,-1,1,-1,1,-1,1,1,-1,1
197460,1,X,-1,-1,1,X,X,-1,1,1,-1,1
197461,1,1,-1,-1,1,-1,1,X,1,1,-1,1
197462,1,1,-1,-1,1,-1,1,X,1,1,-1,1
197463,1,1,-1,-1,1,-1,1,-1,1,-1,-1,-1
197464,1,1,-1,-1,1,-1,1,X,1,X,X,1
197465,1,1,-1,-1,1,-1,1,-1,1,0,1,1
197466,1,1,-1,-1,1,-1,1,-1,X,0,1,1
197467,X,1,1,1,1,-1,-1,X,1,-1,X,-1
197468,1,1,-1,-1,1,X,X,X,1,1,-1,1
197469,1,1,1,1,1,-1,-1,1,1,-1,1,-1
197470,1,1,-1,-1,1,-1,1,-1,1,1,-1,1
197471,1,1,,,,,,,,,,
197472,1,0,1,1,-1,1,-1,1,X,-1,1,-1
197473,0,-1,1,1,-1,-1,1,1,1,-1,-1,-1
197475,-1,-1,1,1,-1,X,X,X,X,X,X,-1
187917,1,1,-1,-1,1,-1,1,-1,1,1,-1,0
132191,-1,-1,1,1,-1,1,-1,0,0,-1,1,-1
197478,-1,-1,1,1,-1,1,-1,1,0,X,X,-1
128483,-1,-1,1,1,-1,1,-1,0,0,X,X,-1
197480,-1,-1,1,1,-1,1,-1,0,0,-1,1,-1
197481,-1,-1,1,1,-1,1,-1,0,0,X,X,X
197482,-1,-1,1,1,-1,1,-1,0,0,-1,1,-1
197483,-1,-1,1,1,-1,1,-1,0,0,-1,1,-1
197488,-1,-1,1,1,-1,1,-1,0,0,-1,1,-1
197489,-1,X,1,1,-1,1,-1,0,0,-1,1,-1
197490,X,-1,1,1,-1,-1,1,1,X,X,-1,-1
197491,0,1,X,X,X,-1,1,-1,X,-1,1,-1
197492,1,-1,1,1,-1,,,,,,,
197493,1,-1,1,1,-1,1,-1,1,0,-1,1,-1
197494,1,1,-1,-1,1,-1,1,-1,X,-1,-1,X
197495,1,1,-1,-1,1,-1,1,-1,1,0,-1,-1
197496,1,X,-1,-1,1,-1,1,-1,X,-1,-1,X
197497,-1,1,-1,-1,1,-1,1,-1,1,-1,1,-1
197498,1,1,-1,-1,1,-1,1,-1,1,0,-1,1
197499,1,1,,,,,,,,,,
197500,1,1,-1,-1,1,-1,1,-1,1,1,-1,1
97236,X,1,-1,-1,1,-1,1,-1,1,1,-1,1
197501,0,-1,1,1,-1,1,-1,1,0,1,-1,X
197502,1,1,-1,-1,1,-1,1,-1,1,-1,-1,-1
197503,1,1,-1,-1,1,-1,1,-1,1,1,-1,1
197504,1,1,-1,-1,1,-1,1,1,1,-1,-1,-1
197505,1,1,-1,-1,1,-1,1,-1,X,-1,-1,-1
197506,1,1,-1,-1,1,-1,1,-1,1,1,-1,1
197507,1,1,-1,-1,1,-1,1,-1,1,-1,-1,1
197508,1,1,-1,1,1,-1,1,-1,1,,,
197510,1,-1,1,1,-1,-1,1,1,1,-1,-1,-1
197511,1,1,-1,-1,1,-1,1,-1,1,-1,-1,-1
197512,1,1,-1,-1,1,-1,1,-1,1,1,-1,1
197513,1,-1,X,X,X,0,1,1,1,-1,-1,-1
197514,1,-1,1,1,-1,-1,1,1,1,-1,-1,X
197515,1,-1,1,1,1,-1,1,1,0,-1,-1,-1
197516,0,-1,1,1,-1,1,-1,1,0,1,-1,-1
197517,1,-1,1,1,-1,X,X,X,1,X,X,-1
197518,0,-1,1,1,-1,1,-1,1,0,1,-1,-1
197519,0,-1,1,1,-1,1,-1,1,0,1,-1,-1
197520,0,-1,1,1,-1,1,-1,1,0,-1,-1,-1
197521,1,1,,,,,,,,,,
197522,1,-1,-1,-1,1,-1,-1,1,1,-1,1,-1
197523,1,1,-1,-1,1,-1,1,-1,1,0,-1,X
118949,1,-1,1,1,-1,-1,-1,1,1,-1,0,-1
197525,1,-1,1,1,-1,-1,1,1,1,-1,-1,X
197526,1,-1,1,1,-1,-1,-1,1,1,-1,0,-1
197527,1,1,-1,-1,1,-1,1,-1,1,1,-1,1
197528,1,-1,1,1,-1,-1,-1,1,1,-1,X,-1
197529,1,X,-1,-1,1,-1,1,-1,1,1,-1,1
197530,0,-1,1,1,-1,1,-1,1,0,-1,-1,-1
197531,1,1,-1,-1,1,-1,1,-1,-1,1,-1,1
197532,1,-1,1,1,-1,1,-1,1,0,1,-1,-1
197533,X,1,-1,-1,1,-1,1,-1,1,1,-1,1
197534,1,-1,1,1,-1,-1,-1,1,1,-1,-1,-1
197535,1,X,-1,1,1,,,,,,,
197536,1,-1,0,1,1,-1,-1,1,1,-1,-1,-1
197537,0,-1,1,1,1,1,-1,1,0,-1,1,-1
197538,0,-1,X,X,X,1,-1,1,0,1,-1,-1
197539,1,1,-1,-1,1,-1,1,-1,1,-1,0,1
197540,1,1,-1,-1,1,-1,1,-1,1,0,-1,-1
197541,0,-1,X,X,X,1,-1,1,0,1,-1,-1
197542,X,X,1,1,1,-1,1,-1,1,-1,-1,X
197543,1,1,-1,-1,1,-1,1,-1,1,-1,-1,-1
197544,0,-1,1,1,-1,1,-1,1,0,1,-1,-1
197545,0,-1,1,1,-1,1,-1,1,0,1,-1,X
197546,1,1,-1,-1,1,-1,1,-1,1,-1,0,1
197547,1,X,-1,-1,1,-1,1,1,1,X,X,-1
197548,X,-1,1,1,-1,-1,1,1,,,,
197549,1,1,-1,-1,1,-1,1,-1,1,-1,0,1
197550,1,1,-1,-1,1,-1,1,-1,X,1,-1,1
197551,X,1,-1,-1,1,-1,1,-1,1,-1,-1,-1
197552,0,-1,1,1,-1,1,-1,1,0,-1,1,-1
197553,0,-1,1,1,-1,1,-1,1,0,1,-1,-1
197554,1,1,,,,,,,,,,
197555,-1,1,,,,,,,,,,
197556,1,-1,1,1,-1,1,-1,X,1,-1,1,-1
197557,1,1,-1,-1,1,-1,1,-1,X,-1,-1,-1
197558,-1,1,1,1,1,-1,1,X,1,-1,-1,-1
197559,0,-1,1,1,-1,1,-1,1,0,-1,-1,-1
197563,X,1,1,-1,-1,-1,1,-1,1,-1,-1,-1
197564,1,1,1,1,-1,1,-1,-1,1,1,-1,-1
101585,1,1,-1,-1,1,-1,1,-1,1,-1,1,X
197566,0,1,1,1,-1,1,-1,1,0,-1,-1,-1
197567,1,1,-1,-1,1,-1,1,-1,1,-1,-1,1
135511,1,1,-1,-1,1,-1,1,-1,1,-1,-1,-1
197570,-1,0,,,,,,,,,,
197571,1,1,-1,-1,1,-1,1,-1,X,1,-1,1
197572,0,-1,1,1,-1,1,-1,1,0,1,-1,X
197573,1,1,-1,-1,1,X,X,X,X,0,0,X
197574,1,X,-1,-1,1,-1,1,-1,1,1,-1,1
27714,-1,-1,1,1,-1,1,-1,1,1,0,-1,-1
197576,1,1,-1,-1,1,X,X,X,X,-1,-1,-1
197577,1,1,-1,-1,1,-1,1,-1,1,-1,-1,-1
197578,1,-1,1,1,-1,1,0,X,1,-1,1,-1
197579,1,1,X,X,X,X,X,X,1,1,-1,-1
197580,1,-1,1,1,-1,1,0,1,X,-1,1,-1
197581,1,1,-1,-1,1,-1,1,-1,X,-1,-1,-1
197582,1,-1,1,1,-1,X,X,X,X,-1,1,-1
126644,1,1,-1,-1,1,-1,1,-1,1,-1,-1,-1
197584,1,1,X,X,X,-1,1,1,1,-1,-1,-1
197585,X,1,-1,-1,1,X,X,X,1,-1,-1,-1
197586,1,-1,1,1,-1,-1,1,1,1,-1,-1,-1
197587,1,1,-1,-1,1,-1,1,-1,X,-1,-1,-1
197588,1,1,X,X,X,-1,1,-1,1,1,-1,-1
99283,1,-1,1,1,-1,1,0,1,1,-1,1,-1
197589,1,1,-1,-1,1,-1,1,X,1,-1,-1,-1
35016,1,-1,1,1,-1,1,0,1,1,-1,1,-1
197590,1,1,-1,-1,1,-1,1,-1,1,-1,-1,0
197591,1,1,-1,-1,1,-1,1,-1,1,-1,-1,0
197592,1,1,,,,,,,,,,
197593,1,1,X,X,X,,,,,,,
197594,1,0,,,,,,,,,,
197595,X,1,-1,-1,1,X,X,X,1,1,-1,X
131580,1,1,1,1,-1,1,1,X,X,X,X,-1
197596,0,0,1,1,-1,1,-1,1,0,-1,1,X
197597,1,1,,,,,,,,,,
197599,X,-1,,,,,,,,,,
197600,1,1,,,,,,,,,,
197601,0,-1,,,,,,,,,,
197602,1,1,,,,,,,,,,
197603,0,-1,,,,,,,,,,
197604,1,1,,,,,,,,,,
197606,1,-1,1,1,-1,-1,-1,1,1,-1,-1,-1
197607,1,-1,1,1,-1,1,-1,1,1,-1,1,-1
197608,1,-1,1,1,-1,1,0,X,1,-1,1,X
101039,1,-1,1,1,-1,1,0,1,1,X,X,X
197610,1,-1,1,1,-1,1,0,1,1,-1,1,X
197611,1,-1,1,1,-1,1,0,1,1,-1,1,-1
197612,0,X,,,,,,,,,,
197613,1,1,,,,,,,,,,
197614,1,-1,,,,,,,,,,
197615,1,1,X,X,X,X,X,X,X,-1,-1,-1
197616,1,-1,1,1,-1,1,0,X,1,-1,1,X
197617,1,1,,,,,,,,,,
197618,1,1,-1,-1,1,-1,1,X,1,-1,-1,X
197619,1,1,-1,-1,1,-1,1,-1,1,1,-1,-1
197620,1,-1,,,,,,,,,,
197621,-1,-1,1,1,-1,-1,1,1,1,-1,-1,-1
197623,1,1,1,1,-1,1,1,1,1,-1,1,-1
197624,1,1,-1,-1,1,-1,1,-1,1,-1,-1,-1
197625,1,1,,,,,,,,,,
197626,1,1,-1,1,1,1,1,-1,1,1,-1,1
197627,1,1,1,1,-1,1,1,1,1,-1,1,-1
197628,1,1,1,1,-1,1,1,1,1,-1,1,-1
94649,1,1,1,1,-1,1,1,1,1,-1,1,-1
197629,X,1,X,X,X,1,-1,1,X,-1,1,-1
197631,1,1,-1,-1,0,-1,1,-1,1,-1,-1,-1
197632,1,1,-1,-1,1,X,X,X,1,-1,-1,1
197634,1,1,-1,-1,1,-1,1,-1,1,-1,-1,-1
197635,1,1,-1,-1,1,-1,1,-1,1,-1,-1,-1
197636,1,-1,1,1,-1,1,1,1,X,-1,X,-1
197637,X,-1,1,1,-1,1,1,1,1,-1,-1,X
197638,1,1,-1,-1,1,-1,1,-1,1,-1,-1,-1
30490,1,1,,,,,,,,,,
197641,1,1,-1,-1,1,-1,1,-1,1,-1,-1,-1
197642,X,X,,,,,,,,,,
197643,0,-1,,,,,,,,,,
197644,1,1,,,,,,,,,,
197645,1,1,-1,-1,1,-1,1,-1,1,1,-1,1
197646,1,-1,1,1,-1,1,1,1,1,-1,-1,X
197647,1,-1,1,1,-1,-1,1,1,X,-1,-1,-1
197648,0,-1,1,1,-1,-1,1,1,1,0,-1,-1
197649,1,-1,1,1,-1,1,X,X,1,-1,X,X
197650,1,1,-1,-1,1,-1,1,-1,1,-1,-1,-1
197651,1,1,0,1,X,X,1,0,X,-1,1,X
197652,0,-1,1,1,-1,-1,-1,X,0,0,X,-1
197653,1,1,X,X,X,-1,1,-1,1,0,-1,X
197654,1,1,-1,-1,1,-1,1,-1,1,1,-1,1
197655,1,1,1,1,-1,1,-1,-1,0,1,X,-1
197656,0,-1,1,1,-1,,,,,,,
197657,1,1,X,X,X,-1,1,-1,1,1,-1,-1
197658,1,1,X,X,X,-1,1,-1,1,0,-1,X
197661,1,1,,,,,,,,,,
197662,1,X,1,1,-1,-1,1,1,1,X,X,-1
197663,1,1,-1,-1,1,-1,1,-1,X,-1,-1,-1
197664,1,X,,,,,,,,,,
197665,1,1,-1,-1,1,-1,1,X,1,-1,-1,-1
58766,1,1,-1,-1,1,-1,1,X,1,1,-1,X
197667,0,-1,1,1,-1,-1,1,1,X,X,X,-1
197668,X,1,-1,-1,1,-1,1,-1,1,-1,-1,-1
134605,1,1,-1,-1,1,-1,1,-1,1,-1,X,-1
197670,1,1,-1,-1,1,-1,1,-1,1,1,-1,1
197671,1,X,1,1,-1,1,1,1,1,X,X,-1
197672,1,X,1,1,-1,-1,1,1,X,-1,-1,X
98582,-1,-1,1,1,-1,1,1,1,1,-1,-1,-1
197675,1,1,-1,-1,1,-1,1,-1,1,1,-1,1
197677,1,1,-1,-1,1,-1,1,-1,1,1,-1,1
197678,1,1,,,,,,,,,,
197679,-1,-1,1,1,-1,-1,1,1,1,-1,-1,-1
197680,1,1,1,1,-1,1,1,1,1,-1,1,-1
197681,1,1,-1,-1,1,,,,,,,
197682,1,1,-1,-1,1,-1,1,-1,1,X,X,1
197683,1,X,X,X,X,X,X,X,1,X,X,X
197684,1,1,,,,,,,,,,
197686,1,X,,,,,,,,,,
197687,1,1,1,1,-1,1,1,1,1,-1,1,-1
182995,1,1,1,1,-1,X,X,X,1,-1,X,-1
197690,1,1,1,1,-1,1,1,1,X,-1,1,-1
197691,1,1,1,1,-1,1,1,1,X,-1,1,-1
197692,1,1,X,X,X,-1,1,X,X,-1,-1,-1
197693,1,1,,,,,,,,,,
197694,1,1,-1,-1,1,-1,1,-1,1,-1,-1,1
197695,1,-1,1,1,-1,-1,1,1,1,-1,-1,-1
197696,1,X,,,,,,,,,,
197697,1,X,-1,-1,1,-1,1,-1,1,X,X,1
197698,1,1,-1,-1,1,-1,1,-1,1,0,-1,1
197699,1,1,-1,-1,1,-1,1,X,1,1,-1,-1
197700,1,1,,,,,,,,,,
197701,1,1,-1,-1,1,-1,1,-1,1,1,-1,X
197702,1,1,X,X,X,-1,1,-1,1,-1,1,-1
197703,0,X,,,,,,,,,,
197704,0,-1,,,,,,,,,,
197705,0,-1,,,,,,,,,,
197708,X,-1,,,,,,,,,,
197709,0,-1,1,1,-1,1,1,1,X,-1,1,-1
197710,1,1,,,,,,,,,,
197711,-1,-1,1,1,-1,-1,-1,1,1,-1,-1,X
197712,0,-1,,,,,,,,,,
99461,0,-1,,,,,,,,,,
197714,1,1,,,,,,,,,,
197715,0,-1,,,,,,,,,,
197716,1,1,,,,,,,,,,
197717,1,1,-1,-1,1,-1,1,1,1,-1,1,X
197718,1,1,-1,-1,1,-1,1,X,1,X,X,1
197719,1,1,-1,-1,1,-1,1,-1,1,-1,1,-1
197720,1,-1,-1,-1,1,-1,1,1,1,-1,-1,-1
197721,1,1,-1,-1,1,-1,1,-1,1,-1,1,-1
197722,1,1,-1,-1,1,-1,1,-1,1,-1,1,-1
197728,1,X,-1,-1,1,-1,1,-1,1,-1,1,-1
197730,1,1,,,,,,,,,,
197731,1,1,-1,-1,1,-1,1,-1,1,1,-1,1
197732,1,1,,,,,,,,,,
197733,0,-1,,,,,,,,,,
197734,1,0,-1,0,-1,X,0,X,-1,1,-1,X
197735,1,1,X,X,X,,,,,,,
197736,0,X,,,,,,,,,,
197737,1,-1,X,X,X,X,X,X,X,X,X,X
197738,1,-1,1,1,-1,-1,1,1,X,-1,-1,-1
197739,1,1,,,,,,,,,,
122978,1,1,-1,-1,1,-1,1,-1,1,-1,1,-1
197740,1,-1,0,1,-1,1,1,-1,1,1,-1,-1
197742,1,1,-1,-1,1,-1,1,-1,1,-1,1,-1
197743,1,1,-1,-1,1,X,X,X,X,1,-1,X
197744,0,-1,,,,,,,,,,
127096,1,1,-1,-1,1,-1,1,-1,1,-1,1,-1
197746,1,-1,,,,,,,,,,
197749,1,1,,,,,,,,,,
88715,X,1,-1,-1,1,-1,1,-1,1,1,-1,-1
197751,1,0,,,,,,,,,,
197752,0,X,,,,,,,,,,
197754,1,1,-1,-1,1,-1,1,-1,1,1,-1,-1
197755,1,1,,,,,,,,,,
197756,1,1,-1,-1,1,-1,1,X,X,-1,-1,1
197757,0,-1,,,,,,,,,,
197758,1,1,,,,,,,,,,
197759,0,X,,,,,,,,,,
197760,0,-1,,,,,,,,,,
197761,1,1,,,,,,,,,,
34578,1,1,-1,1,1,-1,1,X,1,0,-1,1
197763,1,1,X,1,-1,1,0,1,0,1,-1,-1
197764,1,1,1,1,-1,1,-1,1,1,1,X,X
197765,1,-1,1,1,-1,-1,1,X,1,0,-1,-1
197766,1,-1,-1,-1,1,-1,1,-1,1,1,-1,1
197767,0,-1,1,1,-1,0,0,1,0,-1,1,-1
103746,1,1,-1,-1,1,,,,,,,
197769,1,-1,-1,-1,1,-1,1,-1,1,1,-1,X
197770,1,1,-1,-1,1,-1,1,-1,X,1,-1,1
197771,1,-1,-1,1,1,-1,1,0,1,-1,0,-1
197772,1,1,-1,-1,1,-1,1,X,1,1,-1,1
197773,0,-1,1,1,-1,1,1,1,1,-1,1,-1
197776,X,-1,1,1,-1,1,1,1,0,X,X,-1
197777,1,-1,1,1,-1,-1,1,1,1,X,X,-1
197778,1,-1,1,1,-1,-1,1,X,1,-1,1,-1
197779,1,1,1,1,-1,-1,1,X,1,-1,-1,-1
197780,,,1,1,-1,-1,1,1,1,-1,X,X
197781,1,1,1,1,-1,X,X,X,1,-1,-1,-1
197782,1,1,-1,-1,1,-1,1,X,1,-1,-1,1
197783,X,1,-1,-1,1,-1,1,-1,1,-1,1,-1
197784,1,1,-1,-1,0,-1,1,-1,1,-1,-1,X
197785,1,1,-1,-1,1,-1,1,-1,1,1,-1,1
197786,1,-1,1,1,-1,1,0,1,1,-1,1,-1
197787,1,-1,1,1,-1,1,0,1,1,-1,1,-1
197788,1,-1,1,1,-1,1,0,1,X,-1,1,X
130256,0,X,1,1,-1,-1,1,1,1,-1,-1,-1
197789,1,-1,,,,,,,,,,
197790,1,-1,,,,,,,,,,
197791,1,1,-1,-1,1,-1,1,X,1,1,-1,X
197792,1,X,-1,-1,1,-1,1,X,1,-1,1,-1
197794,1,1,1,1,-1,1,-1,X,1,-1,1,-1
197795,1,1,-1,-1,1,-1,1,-1,X,1,-1,X
197796,1,-1,X,X,X,1,0,1,X,X,X,-1
197797,1,-1,,,,,,,,,,
197798,1,-1,1,1,-1,-1,1,1,1,-1,-1,-1
197799,1,-1,1,1,-1,1,0,1,1,-1,1,-1
197800,1,X,1,-1,1,-1,1,-1,1,1,-1,-1
197801,1,1,-1,-1,1,X,X,X,1,X,X,-1
197802,1,1,-1,-1,1,-1,1,X,X,0,-1,1
197803,X,0,,,,,,,,,,
197804,1,1,-1,-1,1,-1,1,-1,1,-1,-1,-1
197805,X,1,-1,-1,1,-1,1,-1,1,X,X,1
197806,1,-1,1,1,-1,X,X,X,X,-1,1,-1
197807,0,0,,,,,,,,,,
197808,1,1,-1,-1,1,-1,1,-1,1,-1,-1,X
197809,0,X,,,,,,,,,,
197810,X,1,-1,-1,1,-1,1,-1,1,X,X,1
197811,1,1,,,,,,,,,,
197812,X,1,,,,,,,,,,
197813,0,-1,,,,,,,,,,
197814,0,-1,,,,,,,,,,
197815,1,1,,,,,,,,,,
197816,1,X,,,,,,,,,,
197817,1,1,-1,-1,1,-1,1,-1,1,1,-1,1
197818,1,1,-1,-1,1,-1,1,-1,1,-1,-1,-1
197819,1,1,X,X,X,-1,1,-1,1,1,-1,X
197820,1,-1,1,1,-1,1,-1,1,1,-1,1,X
197822,1,-1,1,1,-1,0,1,X,X,-1,1,X
197824,0,-1,1,1,-1,1,-1,X,X,-1,1,X
197825,1,-1,1,1,-1,1,-1,1,1,-1,1,X
197826,1,-1,1,1,-1,1,0,1,1,X,X,-1
197827,1,1,-1,-1,1,-1,1,-1,1,1,-1,0
197828,X,X,-1,-1,1,-1,1,X,1,1,-1,1
197829,0,-1,1,1,-1,1,-1,1,0,1,1,-1
197831,1,-1,1,1,-1,1,-1,1,X,-1,1,X
197832,X,1,-1,-1,1,-1,1,-1,1,1,-1,0
197835,1,-1,1,1,1,-1,1,1,1,-1,-1,0
197836,0,-1,1,1,-1,-1,1,1,0,0,0,-1
197837,1,1,X,X,X,-1,1,X,X,1,-1,0
197838,-1,1,-1,-1,1,-1,1,-1,1,-1,1,-1
197839,1,1,1,1,1,-1,1,X,1,0,0,-1
197840,1,X,1,1,-1,-1,1,1,1,-1,-1,-1
197841,1,-1,1,1,0,-1,1,1,1,-1,-1,-1
197842,1,1,X,X,X,-1,1,X,X,-1,-1,X
197843,1,-1,1,1,-1,-1,-1,1,1,-1,-1,-1
197844,1,1,-1,-1,1,-1,1,-1,1,1,-1,-1
197845,1,1,-1,-1,1,-1,1,X,1,1,-1,X
197846,1,1,X,X,X,-1,1,-1,1,1,-1,-1
197848,-1,1,1,1,0,-1,1,-1,1,0,1,-1
197849,1,-1,X,X,X,1,-1,1,1,1,-1,X
197863,1,-1,-1,-1,1,-1,1,1,1,-1,-1,X
185771,1,0,1,1,-1,1,-1,1,1,-1,1,-1
197868,1,1,-1,-1,1,-1,1,X,1,-1,-1,1
197869,1,1,,,,,,,,,,
197870,1,1,-1,-1,1,-1,1,X,1,1,-1,1
197889,1,1,-1,-1,1,-1,1,-1,1,1,-1,1
197894,-1,X,1,1,-1,1,-1,X,1,0,-1,X
197935,0,1,1,1,-1,0,-1,1,1,1,-1,1
198063,1,1,1,1,-1,0,1,1,1,1,-1,X
198096,0,-1,1,1,-1,1,-1,1,0,-1,1,-1
198176,1,0,1,1,-1,1,-1,1,0,1,-1,-1
198183,1,1,X,X,X,-1,1,-1,1,0,-1,X
198329,1,1,-1,-1,1,-1,1,X,1,-1,1,-1
5392,1,1,-1,-1,1,X,X,X,X,-1,-1,1
198490,1,X,1,1,-1,1,-1,X,1,1,-1,-1
199941,1,X,-1,-1,1,-1,1,-1,1,-1,1,1
199996,1,1,-1,-1,1,-1,1,-1,1,-1,-1,-1
202036,,-1,1,1,-1,-1,1,1,1,1,-1,-1
202073,,1,-1,-1,1,-1,1,-1,X,-1,-1,1
202112,,-1,1,1,-1,-1,1,1,1,-1,-1,-1
202351,X,X,X,X,X,-1,1,-1,1,X,X,X
202352,X,X,X,X,X,-1,1,-1,1,1,-1,X
204331,,,,,,,,,,,,
204332,,,-1,-1,1,-1,1,-1,1,-1,-1,1
204333,,,1,1,-1,-1,-1,1,1,X,X,X
204334,,,1,1,-1,1,-1,1,1,-1,1,X
204335,,,-1,-1,1,-1,1,-1,X,1,1,X
204336,,,1,1,-1,-1,1,1,1,1,-1,X
204346,,,1,1,-1,1,X,1,0,1,-1,-1
204368,,,1,1,-1,-1,-1,X,1,0,-1,X
204371,,,,,,,,,,,,
204400,,,-1,-1,1,-1,1,X,X,-1,-1,X
204413,,,-1,-1,1,-1,1,-1,1,-1,1,-1
204414,,,1,1,-1,1,-1,1,0,-1,1,-1
204416,,,-1,-1,1,-1,1,-1,X,X,X,-1
204418,,,-1,-1,1,-1,1,-1,1,-1,-1,1
204419,,,-1,-1,1,-1,1,-1,1,-1,-1,-1
204420,,,-1,-1,1,-1,1,-1,1,1,-1,1
204421,,,1,1,-1,1,1,1,1,-1,1,-1
204443,,,-1,-1,1,-1,1,-1,1,1,-1,X
204449,,,1,1,-1,1,-1,1,-1,-1,-1,-1
204733,,,1,1,-1,1,-1,X,-1,1,-1,1
205452,,,0,0,1,-1,1,-1,1,0,0,-1
206158,,,-1,-1,1,-1,1,X,1,1,-1,1
208722,,,-1,-1,1,-1,1,-1,1,1,-1,1
209091,,,-1,-1,1,-1,1,-1,1,-1,-1,-1
209140,,,-1,-1,1,-1,1,-1,1,-1,-1,-1
209896,,,-1,-1,1,-1,1,X,1,-1,-1,-1
212855,,,-1,-1,1,-1,1,-1,1,-1,-1,-1
213330,,,1,1,-1,1,-1,1,1,0,-1,X
214839,,,-1,-1,1,-1,1,1,X,-1,-1,-1
218347,,,-1,-1,1,-1,1,X,1,-1,-1,1
218349,,,1,1,-1,1,-1,1,0,-1,1,-1
221463,,,1,1,-1,X,-1,1,0,1,-1,-1
226260,,,1,1,-1,-1,1,1,1,-1,-1,-1
228286,,,-1,-1,1,X,X,X,1,-1,-1,1
228604,,,-1,-1,1,X,X,X,1,-1,1,-1
229352,,,-1,-1,1,X,1,-1,1,1,-1,
229519,,,1,1,-1,-1,1,1,1,X,X,-1
229839,,,-1,-1,1,-1,1,X,1,-1,-1,1
230085,,,-1,-1,1,-1,1,-1,1,-1,-1,X
233862,,,-1,-1,1,-1,1,-1,X,-1,-1,-1
234344,,,-1,-1,1,1,1,-1,1,-1,-1,-1
236050,,,1,1,-1,1,1,1,1,-1,1,-1
236051,,,1,1,-1,1,1,1,1,-1,1,X
236052,,,1,1,-1,1,1,1,1,-1,1,-1
236053,,,-1,-1,1,-1,1,-1,1,1,-1,1
237224,,,X,X,X,-1,1,-1,1,-1,-1,1
237320,,,-1,-1,1,-1,X,-1,1,-1,-1,-1
237465,,,-1,-1,1,-1,1,-1,X,-1,-1,1
237779,,,-1,-1,1,-1,1,-1,1,-1,1,-1
238639,,,1,1,-1,1,-1,1,-1,-1,1,-1
238674,,,-1,-1,1,X,X,X,1,1,-1,1
239255,,,1,1,-1,1,0,1,1,-1,-1,-1
239256,,,1,1,-1,1,0,1,1,-1,1,-1
239257,,,-1,-1,1,-1,1,-1,1,-1,0,-1
239258,,,-1,-1,1,-1,1,-1,X,1,-1,X
239260,,,1,1,-1,1,-1,1,1,-1,1,-1
239262,,,,,,1,-1,1,1,-1,1,X
239271,,,1,1,-1,-1,1,X,1,-1,-1,X
239972,,,1,1,1,-1,1,-1,1,-1,-1,-1
239973,,,-1,-1,1,-1,1,-1,1,-1,-1,X
240478,,,-1,-1,1,-1,1,-1,1,-1,-1,-1
243912,,,1,1,-1,1,0,1,1,X,X,-1
243979,,,1,1,-1,-1,1,1,1,-1,-1,-1
244571,,,-1,-1,1,-1,1,-1,1,-1,-1,-1
245018,,,-1,-1,1,-1,1,-1,1,-1,-1,1
245858,,,-1,-1,1,-1,1,X,1,-1,-1,-1
247122,,,,,,-1,1,-1,1,-1,-1,-1
247709,,,,,,-1,1,-1,1,-1,-1,0
247735,,,,,,-1,1,-1,1,-1,1,-1
247737,,,,,,-1,1,1,1,-1,-1,-1
249284,,,,,,-1,-1,1,1,-1,-1,-1
249285,,,,,,-1,1,-1,1,X,X,1
249443,,,,,,X,X,X,1,0,-1,-1
249603,,,,,,-1,1,1,1,-1,-1,-1
249826,,,,,,-1,1,-1,1,X,X,1
250235,,,,,,-1,1,1,1,-1,-1,-1
250237,,,,,,X,X,X,1,-1,-1,-1
250538,,,,,,,,,0,1,-1,X
250572,,,,,,,,,X,X,X,0
250918,,,,,,,,,1,1,1,1
251249,,,,,,,,,,1,-1,0
251268,,,,,,,,,,-1,-1,-1
251324,,,,,,,,,,-1,-1,-1
251859,,,,,,,,,,-1,-1,-1
251874,,,,,,,,,,-1,-1,-1
253008,,,,,,,,,,,,-1
253043,,,,,,,,,,,,-1
232843,,,,,,,,,,,,1
254718,,,,,,,,,,,,1
254719,,,,,,,,,,,,-1
254720,,,,,,,,,,,,-1
254721,,,,,,,,,,,,-1
254722,,,,,,,,,,,,-1
254876,,,,,,,,,,,,-1
